whole name,Name,Address,Price Level,Types,Category,Website,Phone Number,Rating,Review Count,Opening Hours,Email,POS System,Loyalty Programs,Reservation Platform,Review Text,Review Author,Review Rating,Popular Dish/Drink,Intro Email Blurb,Suggested Times
Tipsy Shanghai,TIPSY SHANGHAI è˜‡æ­é¤å…,"104 2nd Ave, New York, NY 10003, USA",2.0,"restaurant, food, point_of_interest, establishment",BB1,https://www.tipsy-shanghai.com/,(212) 466-6788,4.9,51.0,"Monday: 11:00â€¯AMâ€‰â€“â€‰9:00â€¯PM, Tuesday: 11:00â€¯AMâ€‰â€“â€‰12:00â€¯AM, Wednesday: 11:00â€¯AMâ€‰â€“â€‰12:00â€¯AM, Thursday: 11:00â€¯AMâ€‰â€“â€‰12:00â€¯AM, Friday: 11:00â€¯AMâ€‰â€“â€‰12:00â€¯AM, Saturday: 11:00â€¯AMâ€‰â€“â€‰12:00â€¯AM, Sunday: 11:00â€¯AMâ€‰â€“â€‰12:00â€¯AM",franciscohui112@gmail.com,,,,"I had an incredible experience at Tipsy Shanghai! The food was absolutely authentic and bursting with flavor. The lobsters were perfectly crafted, and the beef fillet were tender and packed with a rich, savory taste. The atmosphere was cozy and welcoming, and the staff were friendly and attentive.

Itâ€™s clear they put a lot of care into their dishes and service. I highly recommend this spot for anyone looking to enjoy genuine Shanghainese cuisine. Canâ€™t wait to come back and try more of their menu!",Sleepy,5,twice cooked pork,Here is the response in two paragraphs:,"I recently visited Tipsy Shanghai with my wife and we tried their popular twice cooked pork dish. It was incredibly flavorful and the cozy, welcoming ambiance made for a delightful dinner out. The friendly staff really made our evening with their attentive service. 

Based on their opening hours, a good time to visit when it's less busy would be weekdays from 2-4pm after the lunch rush has died down. Another option is earlier on Wednesdays and Thursdays from 5-6pm, just before the dinner crowds arrive."
Tipsy Shanghai,TIPSY SHANGHAI è˜‡æ­é¤å…,"104 2nd Ave, New York, NY 10003, USA",2.0,"restaurant, food, point_of_interest, establishment",BB1,https://www.tipsy-shanghai.com/,(212) 466-6788,4.9,51.0,"Monday: 11:00â€¯AMâ€‰â€“â€‰9:00â€¯PM, Tuesday: 11:00â€¯AMâ€‰â€“â€‰12:00â€¯AM, Wednesday: 11:00â€¯AMâ€‰â€“â€‰12:00â€¯AM, Thursday: 11:00â€¯AMâ€‰â€“â€‰12:00â€¯AM, Friday: 11:00â€¯AMâ€‰â€“â€‰12:00â€¯AM, Saturday: 11:00â€¯AMâ€‰â€“â€‰12:00â€¯AM, Sunday: 11:00â€¯AMâ€‰â€“â€‰12:00â€¯AM",Shanghaifranciscohui112@gmail.com,,,,"I had an incredible experience at Tipsy Shanghai! The food was absolutely authentic and bursting with flavor. The lobsters were perfectly crafted, and the beef fillet were tender and packed with a rich, savory taste. The atmosphere was cozy and welcoming, and the staff were friendly and attentive.

Itâ€™s clear they put a lot of care into their dishes and service. I highly recommend this spot for anyone looking to enjoy genuine Shanghainese cuisine. Canâ€™t wait to come back and try more of their menu!",Sleepy,5,twice cooked pork,Here is the response in two paragraphs:,"I recently visited Tipsy Shanghai with my wife and we tried their popular twice cooked pork dish. It was incredibly flavorful and the cozy, welcoming ambiance made for a delightful dinner out. The friendly staff really made our evening with their attentive service. 

Based on their opening hours, a good time to visit when it's less busy would be weekdays from 2-4pm after the lunch rush has died down. Another option is earlier on Wednesdays and Thursdays from 5-6pm, just before the dinner crowds arrive."
Tabe tomo,TabeTomo,"131 Avenue A, New York, NY 10009, USA",2.0,"restaurant, food, point_of_interest, establishment",BB1,http://tabetomonyc.com/,(646) 850-6414,4.5,951.0,"Monday: 12:00â€‰â€“â€‰9:30â€¯PM, Tuesday: 12:00â€‰â€“â€‰9:30â€¯PM, Wednesday: 12:00â€‰â€“â€‰9:30â€¯PM, Thursday: 12:00â€‰â€“â€‰9:30â€¯PM, Friday: 12:00â€‰â€“â€‰10:30â€¯PM, Saturday: 12:00â€¯PMâ€‰â€“â€‰1:00â€¯AM, Sunday: 12:00â€‰â€“â€‰9:30â€¯PM",Contacthello@tabetomonyc.com,,,,"I first came here a while back, thanks to a recommendation from the Angel Share staff when they were still on the East Side! This is the spot for big, bold ramenâ€”perfect if you're craving a thick, hearty bowl. I especially love coming here when the temperature drops because they serve the ramen piping hot, and the hot stone really takes me back to Japan. Every bite is worth it! ğŸ˜†ğŸ˜˜ğŸ˜¤ğŸ’ªğŸ½ğŸ¤ŒğŸ½",Mad Professional,5,Ramen,Here is the response in two paragraphs:,"I recently tried out Tabe Tomo's ramen and absolutely loved it. The thick, hearty broth was so flavorful and really hit the spot on a chilly evening. The atmosphere was warm and welcoming, making it a great spot for a casual dinner out. 

Based on the opening hours, good times to visit when it may be quieter are weekdays from 2-5pm before the dinner rush starts, or Sundays earlier in the day around 1-3pm after the post-brunch crowd has cleared out."
Okinii,Okinii,"216 Thompson St, New York, NY 10012, USA",2.0,"restaurant, food, point_of_interest, establishment",BB1,https://www.okiniiny.com/,(516) 504-3615,4.5,567.0,"Monday: 12:00â€‰â€“â€‰10:30â€¯PM, Tuesday: 12:00â€‰â€“â€‰10:30â€¯PM, Wednesday: 12:00â€‰â€“â€‰10:30â€¯PM, Thursday: 12:00â€‰â€“â€‰10:30â€¯PM, Friday: 12:00â€‰â€“â€‰11:00â€¯PM, Saturday: 12:00â€‰â€“â€‰11:00â€¯PM, Sunday: 12:00â€‰â€“â€‰10:30â€¯PM",,,,,"I stopped here for lunch and enjoyed the shrimp tempura, pork katzu, and sushi. The service was pretty good and the prices were reasonable. The inside is a nice atmosphere as well. I would definitely return.",Dale Serbousek,5,Tropical roll,Here is the response in two paragraphs:,"I recently tried out Okinii with some friends and we ordered the Tropical roll - it was so fresh and delicious! The atmosphere was lively yet welcoming, and the staff were very attentive. We had a wonderful evening.  

Based on the opening hours, a good time to visit when it may not be as busy is weekdays from 2-5 PM, in between the lunch and dinner rushes. Alternatively, Sundays from 3-5 PM could also be a slower period before the dinner crowds arrive."
TempÃ©rance,TempÃ©rance,"1300 Av. Albert Einstein, 34000 Montpellier, France",,"point_of_interest, establishment",Not a restaurant,http://sas-temperance.fr/,04 67 99 57 43,3.7,3.0,"Monday: 9:00â€¯AMâ€‰â€“â€‰5:00â€¯PM, Tuesday: 9:00â€¯AMâ€‰â€“â€‰5:00â€¯PM, Wednesday: 9:00â€¯AMâ€‰â€“â€‰5:00â€¯PM, Thursday: 9:00â€¯AMâ€‰â€“â€‰5:00â€¯PM, Friday: 9:00â€¯AMâ€‰â€“â€‰5:00â€¯PM, Saturday: 8:30â€¯AMâ€‰â€“â€‰6:30â€¯PM, Sunday: 8:30â€¯AMâ€‰â€“â€‰6:30â€¯PM",,,,,Top of the top!,MaÃ¯line HONNORAT,5,"Unfortunately there is no mention of any specific dish or drink in the provided reviews. The reviews appear to be about issues with a rental property rather than a restaurant. Since no dish or drink is discussed, I do not have enough information to identify the most popular or most-mentioned item.","Unfortunately the reviews provided do not seem to be about a restaurant called TempÃ©rance. Rather, they appear to be reviews of a rental property company. Since there is no mention of any popular dishes or positive aspects of a restaurant, I do not have enough relevant information to provide an introductory blurb.","As for suggesting less busy times, based on the opening hours listed, some potential options could be:

Weekdays in the mid-afternoon after the lunch rush, for example 3-4 PM. The weekend dinner rush appears to start around 6:30 PM, so anytime before then might also be less busy on Saturdays and Sundays."
Donna,Donna's,"Fayetteville, NC 28304, USA",,"point_of_interest, establishment",Not a restaurant,,,,,,,,,,No reviews available,N/A,N/A,agnolotti,"Unfortunately I do not have any recent reviews or details about the ambiance, staff, or vibe for Donna restaurant. Without that additional context, I don't feel comfortable speculating details for a personal introductory email. As for suggesting less busy times to visit, I don't have the opening hours data to recommend specific windows. Please let me know if you're able to provide more information about the restaurant to inform suggestions. I'm happy to revisit this once we have more to go on.",[Could not parse times]
Shosh,SHÅŒSH,"41 Greenwich Ave, New York, NY 10014, USA",,"restaurant, food, point_of_interest, establishment",BB1,https://shosh.nyc/,(646) 850-0297,4.9,101.0,"Monday: 5:00â€‰â€“â€‰11:00â€¯PM, Tuesday: 5:00â€‰â€“â€‰11:00â€¯PM, Wednesday: 5:00â€‰â€“â€‰11:00â€¯PM, Thursday: 5:00â€‰â€“â€‰11:00â€¯PM, Friday: 5:00â€‰â€“â€‰11:00â€¯PM, Saturday: 5:00â€‰â€“â€‰11:00â€¯PM, Sunday: 5:00â€‰â€“â€‰11:00â€¯PM",,,,,"I can't express how good the food and service is here. We ate at the chefs bar. We had the opportunity to watch the kitchen work and talk to one of the chefs/ owner Anette.
Please make your reservation. You will not be disappointed. The gem salad made my non- vegan friend ask for more. Also please get the artichoke. We had an amazing chill time with a great ambiance.",Gina Mannino,5,Gem salad,Here is the response in two paragraphs:,"I recently tried out Shosh with some friends, and we absolutely loved the gem salad - the flavors were so fresh and vibrant. The ambiance was warm and welcoming, and the staff was extremely knowledgeable about the seasonal, plant-based menu. We had a fantastic evening from start to finish!  

Based on the opening hours, some good times for dropping by when it may be quieter could be Monday or Tuesday right at 5pm before the dinner rush starts. The restaurant is also likely to be less crowded later at night on weeknights, like around 9:30 or 10pm before closing."
Lâ€™accolade,L'Accolade,"302 Bleecker St, New York, NY 10014, USA",,"bar, restaurant, food, point_of_interest, establishment",BB3,http://www.accolade-ny.com/,,4.6,399.0,"Monday: 4:00â€‰â€“â€‰10:00â€¯PM, Tuesday: 4:00â€‰â€“â€‰11:00â€¯PM, Wednesday: 4:00â€‰â€“â€‰11:00â€¯PM, Thursday: 4:00â€‰â€“â€‰11:00â€¯PM, Friday: 4:00â€¯PMâ€‰â€“â€‰12:00â€¯AM, Saturday: 12:00â€¯PMâ€‰â€“â€‰12:00â€¯AM, Sunday: 12:00â€‰â€“â€‰10:00â€¯PM",info@accolade-ny.com,,,Resy,"Lâ€™Accolade is a must-visit for French cuisine lovers!
The $1.50 oysters were fresh and perfect, the smoked tartar was standout dish, and the rabbit was cooked to perfection tender and flavorful. Their huge selection of natural wines, paired with reasonable prices, makes this spot a true gem. Amazing food, great valueâ€”highly recommended!",Oleksandr Artiushenko,5,oysters,Here is the response in two paragraphs:,"I recently visited L'Accolade on a Friday evening with my wife, and we absolutely loved it. The $1.50 oysters were so fresh and delicious, and the cozy, lively atmosphere made for a wonderful date night. We had such a lovely, romantic time!  

Based on the opening hours listed, Tuesday or Wednesday evening between 4-6PM could be good times for your head of SF to visit when it may not be as busy, before the dinner rush. Another option is Sunday afternoon between 2-4PM after the lunch crowd has cleared out."
Migarba,MiGarba NYC,"310 Bleecker St, New York, NY 10014, USA",,"restaurant, food, point_of_interest, establishment",BB1,https://www.migarbanyc.com/,(646) 490-6125,4.7,142.0,"Monday: Closed, Tuesday: 5:00â€‰â€“â€‰10:30â€¯PM, Wednesday: 5:00â€‰â€“â€‰11:00â€¯PM, Thursday: 5:00â€¯PMâ€‰â€“â€‰12:30â€¯AM, Friday: 5:00â€¯PMâ€‰â€“â€‰12:30â€¯AM, Saturday: 5:00â€¯PMâ€‰â€“â€‰12:30â€¯AM, Sunday: 5:00â€‰â€“â€‰9:30â€¯PM",info@migarbanyc.com,,,Resy,"we went on a wednesday and it was quiet but not too quiet. this place isnâ€™t overhyped yet and nicely tucked away by i sodi. we got the octopus, truffle ravioli and mushroom risotto. the octopus was super flavourful and nicely charred. the highlight was definitely the ravioli. not too much truffle but the perfect amount mixed in with the creamy ricotta filling to making you wanting more. great vibe too. risotto was good but a bit salty. overall great experience. bread was amazing too!",Alison Pouw,5,"Based on the reviews, the most popular/most-mentioned dish or drink is the gnudi.",Here is the response in two paragraphs:,"I recently visited Migarba with my wife and we tried the popular gnudi dish. The soft, pillowy texture was so comforting on a chilly evening, and the cozy interior with warm candlelight made for an intimate dining experience. 

Based on the hours, Tuesday or Wednesday evening between 5-6pm could be a nice quieter time to drop in, just before the dinner rush starts. Sunday would also work earlier between 5-7pm."
Nightingale,Nightingale,"Nightingale, Linganore-Bartonsville, MD 21774, USA",,"colloquial_area, political",Not a restaurant,,,,,,,,,,No reviews available,N/A,N/A,fried chicken,Unfortunately I do not have any reviews or opening hours for Nightingale restaurant. I can provide a sample intro blurb and time suggestions without that additional context:,"I stopped in last week with my partner and we ordered the fried chicken - it was so juicy and flavorful. The ambiance was lovely and the staff was very welcoming. We had such an enjoyable dinner!  

Since I don't have the opening hours, I would suggest visiting mid-afternoon before the dinner rush, or late morning after the breakfast crowd has cleared out. Both can be good times to chat with the staff when it's often quieter."
Mole,MÃ³le Cantina Mexicana- Upper East Side,"1735 2nd Ave, New York, NY 10128, USA",2.0,"bar, restaurant, point_of_interest, food, establishment",BB3,http://www.molenyc.com/,(212) 289-8226,4.2,552.0,"Monday: 12:00â€‰â€“â€‰10:00â€¯PM, Tuesday: 12:00â€‰â€“â€‰10:00â€¯PM, Wednesday: 12:00â€‰â€“â€‰10:00â€¯PM, Thursday: 12:00â€‰â€“â€‰10:00â€¯PM, Friday: 12:00â€‰â€“â€‰10:00â€¯PM, Saturday: 12:00â€‰â€“â€‰10:00â€¯PM, Sunday: 12:00â€‰â€“â€‰10:00â€¯PM",,Toast,,,"Found a Lil Mexican gem on the streets of East Village on a rainy day! 5 friends looking for a place to eat and we stumbled upon MolÃ© (authentic Mexican food). The tacos are a particular favorite, with a wide variety of fillings to choose from. The restaurant also offers a great selection of margaritas and other cocktails. We ordered nachos, veggie tacos, cheese quesadillas with some veggies and a side of guacamole with chips. Portions were great to share, filling too. I devoured the ğŸŒ® ğŸŒ®,  it reminded me of Mexico city tacos! Very flavorful! It's a small restaurant with bar, cozy ambience, great service and expectional food! Great team! Keep it up!
Definitely coming again!",roma mangwani,5,Tacos,Here is the response in two paragraphs:,"I recently tried the tacos at MolÃ© and absolutely loved them! The authentic flavors transported me right back to my last trip to Mexico City. The cozy ambiance paired nicely with the friendly service from the staff. 

Based on the opening hours, the restaurant may be less busy on weekdays between 2-5pm before the dinner rush starts. Another potentially quieter time could be later in the evenings on Sundays or Mondays once the weekend crowds have cleared out."
Ishq,Ishq Kolathur,"Kolathur - Malappuram Rd, Kolathur, Kerala 679338, India",,"point_of_interest, establishment",Not a restaurant,,088995 53311,4.9,12.0,"Monday: Open 24 hours, Tuesday: Open 24 hours, Wednesday: Open 24 hours, Thursday: Open 24 hours, Friday: Open 24 hours, Saturday: Open 24 hours, Sunday: Open 24 hours",,,,,"Calm and quiet place â¤ï¸
#my_weekend_destinationğŸ˜",FahiZ Yefzee,5,Ishq,Here is the response in two paragraphs:,"I recently visited Ishq with my partner and we tried their popular dish, also called Ishq. It was delightful! The ambiance was very charming and calm, perfect for a relaxing meal. We had a wonderful time.  

Since Ishq is open 24 hours a day, every day, any time could work for dropping in when it's not too busy. I'd suggest mid-afternoon on a weekday, after the lunch rush but before the dinner crowd starts arriving. Early morning on the weekends could also be a nice quiet time to stop by."
