whole name,Name,Address,Price Level,Types,Category,Website,Phone Number,Rating,Review Count,Opening Hours,Email,POS System,Loyalty Programs,Reservation Platform
Zuni Café,Zuni Café,"1658 Market St, San Francisco, CA 94102, USA",3.0,"cafe, bar, restaurant, point_of_interest, food, establishment",BB3,http://www.zunicafe.com/,(415) 552-2522,4.4,2332.0,"Monday: Closed, Tuesday: 5:00 – 9:30 PM, Wednesday: 5:00 – 9:30 PM, Thursday: 5:00 – 9:30 PM, Friday: 11:00 AM – 4:00 PM, 5:00 – 9:30 PM, Saturday: 11:00 AM – 4:00 PM, 5:00 – 9:30 PM, Sunday: 11:00 AM – 4:00 PM, 5:00 – 9:30 PM",,,,
Rich Table,Rich Table,"199 Gough St, San Francisco, CA 94102, USA",3.0,"restaurant, food, point_of_interest, establishment",BB1,http://richtablesf.com/,(415) 355-9085,4.7,1372.0,"Monday: Closed, Tuesday: 5:00 – 10:30 PM, Wednesday: 5:00 – 10:30 PM, Thursday: 5:00 – 10:30 PM, Friday: 5:00 – 10:30 PM, Saturday: 5:00 – 10:30 PM, Sunday: Closed",info@richtablesf.com,Toast,,
Monsieur Benjamin,Monsieur Benjamin,"451 Gough St, San Francisco, CA 94102, USA",3.0,"restaurant, food, point_of_interest, establishment",BB1,http://www.monsieurbenjamin.com/,,4.4,980.0,,info@mbenjaminsf.comPRIVACY,,,
Monsieur Benjamin,Monsieur Benjamin,"451 Gough St, San Francisco, CA 94102, USA",3.0,"restaurant, food, point_of_interest, establishment",BB1,http://www.monsieurbenjamin.com/,,4.4,980.0,,info@mbenjaminsf.com,,,
Brenda's French Soul Food,Brenda's French Soul Food,"652 Polk St, San Francisco, CA 94102, USA",2.0,"restaurant, food, point_of_interest, establishment",BB1,http://www.frenchsoulfood.com/,(415) 345-8100,4.5,5821.0,"Monday: 8:00 AM – 8:00 PM, Tuesday: 8:00 AM – 3:00 PM, Wednesday: 8:00 AM – 8:00 PM, Thursday: 8:00 AM – 8:00 PM, Friday: 8:00 AM – 8:00 PM, Saturday: 8:00 AM – 8:00 PM, Sunday: 8:00 AM – 8:00 PM",brendas@frenchsoulfood.com,,,
Brenda's French Soul Food,Brenda's French Soul Food,"652 Polk St, San Francisco, CA 94102, USA",2.0,"restaurant, food, point_of_interest, establishment",BB1,http://www.frenchsoulfood.com/,(415) 345-8100,4.5,5821.0,"Monday: 8:00 AM – 8:00 PM, Tuesday: 8:00 AM – 3:00 PM, Wednesday: 8:00 AM – 8:00 PM, Thursday: 8:00 AM – 8:00 PM, Friday: 8:00 AM – 8:00 PM, Saturday: 8:00 AM – 8:00 PM, Sunday: 8:00 AM – 8:00 PM",andrew@frenchsoulfood.com,,,
Brenda's French Soul Food,Brenda's French Soul Food,"652 Polk St, San Francisco, CA 94102, USA",2.0,"restaurant, food, point_of_interest, establishment",BB1,http://www.frenchsoulfood.com/,(415) 345-8100,4.5,5821.0,"Monday: 8:00 AM – 8:00 PM, Tuesday: 8:00 AM – 3:00 PM, Wednesday: 8:00 AM – 8:00 PM, Thursday: 8:00 AM – 8:00 PM, Friday: 8:00 AM – 8:00 PM, Saturday: 8:00 AM – 8:00 PM, Sunday: 8:00 AM – 8:00 PM",cecilia@frenchsoulfood.com,,,
Lers Ros Thai (Hayes),Lers Ros Thai,"307 Hayes St, San Francisco, CA 94102, USA",2.0,"restaurant, food, point_of_interest, establishment",BB1,http://lersros.com/,(415) 874-9661,4.2,802.0,"Monday: 10:30 AM – 2:00 PM, 5:00 – 10:00 PM, Tuesday: 10:30 AM – 2:00 PM, 5:00 – 10:00 PM, Wednesday: 10:30 AM – 2:00 PM, 5:00 – 10:00 PM, Thursday: 10:30 AM – 2:00 PM, 5:00 – 10:00 PM, Friday: 10:30 AM – 2:00 PM, 5:00 – 10:00 PM, Saturday: 11:00 AM – 3:00 PM, 5:00 – 10:00 PM, Sunday: 11:00 AM – 3:00 PM, 5:00 – 10:00 PM",,,,
Absinthe Brasserie & Bar,Absinthe Brasserie & Bar,"398 Hayes St, San Francisco, CA 94102, USA",3.0,"bar, restaurant, food, point_of_interest, establishment",BB3,http://www.absinthe.com/,(415) 551-1590,4.4,1712.0,"Monday: Closed, Tuesday: Closed, Wednesday: 11:30 AM – 10:00 PM, Thursday: 11:30 AM – 10:00 PM, Friday: 11:30 AM – 10:00 PM, Saturday: 11:30 AM – 10:00 PM, Sunday: 11:00 AM – 9:00 PM",user@domain.com,,,
Absinthe Brasserie & Bar,Absinthe Brasserie & Bar,"398 Hayes St, San Francisco, CA 94102, USA",3.0,"bar, restaurant, food, point_of_interest, establishment",BB3,http://www.absinthe.com/,(415) 551-1590,4.4,1712.0,"Monday: Closed, Tuesday: Closed, Wednesday: 11:30 AM – 10:00 PM, Thursday: 11:30 AM – 10:00 PM, Friday: 11:30 AM – 10:00 PM, Saturday: 11:30 AM – 10:00 PM, Sunday: 11:00 AM – 9:00 PM",talk@absinthe.com,,,
Absinthe Brasserie & Bar,Absinthe Brasserie & Bar,"398 Hayes St, San Francisco, CA 94102, USA",3.0,"bar, restaurant, food, point_of_interest, establishment",BB3,http://www.absinthe.com/,(415) 551-1590,4.4,1712.0,"Monday: Closed, Tuesday: Closed, Wednesday: 11:30 AM – 10:00 PM, Thursday: 11:30 AM – 10:00 PM, Friday: 11:30 AM – 10:00 PM, Saturday: 11:30 AM – 10:00 PM, Sunday: 11:00 AM – 9:00 PM",CACONTACT415-551-1590talk@absinthe.compress,,,
Absinthe Brasserie & Bar,Absinthe Brasserie & Bar,"398 Hayes St, San Francisco, CA 94102, USA",3.0,"bar, restaurant, food, point_of_interest, establishment",BB3,http://www.absinthe.com/,(415) 551-1590,4.4,1712.0,"Monday: Closed, Tuesday: Closed, Wednesday: 11:30 AM – 10:00 PM, Thursday: 11:30 AM – 10:00 PM, Friday: 11:30 AM – 10:00 PM, Saturday: 11:30 AM – 10:00 PM, Sunday: 11:00 AM – 9:00 PM",press@absinthegroup.com,,,
a Mano,a Mano,"450 Hayes St, San Francisco, CA 94102, USA",2.0,"restaurant, bar, food, point_of_interest, establishment",BB3,https://amanosf.com/,(415) 506-7401,4.4,2056.0,"Monday: 11:30 AM – 9:30 PM, Tuesday: 11:30 AM – 9:30 PM, Wednesday: 11:30 AM – 9:30 PM, Thursday: 11:30 AM – 9:30 PM, Friday: 11:30 AM – 10:30 PM, Saturday: 11:30 AM – 10:30 PM, Sunday: 11:30 AM – 9:00 PM",info@amanosf.com,Toast,inKind,
Arlequin,Arlequin Wine Merchant,"372 Hayes St, San Francisco, CA 94102, USA",2.0,"liquor_store, bar, store, food, point_of_interest, establishment",BB3,http://www.arlequinwinemerchant.com/,(415) 863-1104,4.4,121.0,"Monday: 11:30 AM – 9:00 PM, Tuesday: 11:30 AM – 9:00 PM, Wednesday: 11:30 AM – 9:00 PM, Thursday: 11:30 AM – 9:00 PM, Friday: 11:30 AM – 9:00 PM, Saturday: 11:30 AM – 9:00 PM, Sunday: 11:30 AM – 9:00 PM",,,,
Nojo Ramen Tavern,Nojo Ramen Tavern,"231 Franklin St, San Francisco, CA 94102, USA",2.0,"restaurant, food, point_of_interest, establishment",BB1,https://nojosframen.com/,(415) 896-4587,4.5,1270.0,"Monday: 5:00 – 9:00 PM, Tuesday: 5:00 – 9:00 PM, Wednesday: 5:00 – 9:00 PM, Thursday: 5:00 – 9:00 PM, Friday: 11:30 AM – 2:30 PM, 5:00 – 9:30 PM, Saturday: 11:30 AM – 2:30 PM, 5:00 – 9:30 PM, Sunday: 11:30 AM – 2:30 PM, 4:00 – 8:00 PM",,,,
Souvla (Hayes),Souvla,"517 Hayes St, San Francisco, CA 94102, USA",2.0,"restaurant, food, point_of_interest, establishment",BB1,https://www.souvla.com/location/hayes-valley/,(415) 570-6500,4.5,2117.0,"Monday: 11:00 AM – 10:00 PM, Tuesday: 11:00 AM – 10:00 PM, Wednesday: 11:00 AM – 10:00 PM, Thursday: 11:00 AM – 10:00 PM, Friday: 11:00 AM – 10:00 PM, Saturday: 11:00 AM – 10:00 PM, Sunday: 11:00 AM – 10:00 PM",hello@souvla.com,,,
Souvla (Hayes),Souvla,"517 Hayes St, San Francisco, CA 94102, USA",2.0,"restaurant, food, point_of_interest, establishment",BB1,https://www.souvla.com/location/hayes-valley/,(415) 570-6500,4.5,2117.0,"Monday: 11:00 AM – 10:00 PM, Tuesday: 11:00 AM – 10:00 PM, Wednesday: 11:00 AM – 10:00 PM, Thursday: 11:00 AM – 10:00 PM, Friday: 11:00 AM – 10:00 PM, Saturday: 11:00 AM – 10:00 PM, Sunday: 11:00 AM – 10:00 PM",20kaity@kcashpr.com,,,
Dobbs Ferry,Dobbs Ferry,"Dobbs Ferry, NY, USA",,"locality, political",Not a restaurant,,,,,,,,,
Papito Hayes,Papito Hayes,"425 Hayes St A, San Francisco, CA 94102, USA",2.0,"restaurant, food, point_of_interest, establishment",BB1,http://www.papitohayessf.com/,(415) 554-0541,4.4,1182.0,"Monday: 11:30 AM – 9:00 PM, Tuesday: 11:30 AM – 9:00 PM, Wednesday: 11:30 AM – 9:00 PM, Thursday: 11:30 AM – 10:00 PM, Friday: 11:30 AM – 10:00 PM, Saturday: 11:00 AM – 10:00 PM, Sunday: 11:00 AM – 9:00 PM",info@papitohayessf.com,,,
Stacks,Main (Gardner) Stacks,"University of California, Berkeley, South Hall Rd, Berkeley, CA 94704, USA",,"library, point_of_interest, establishment",Not a restaurant,http://www.lib.berkeley.edu/libraries/main-stacks,,4.5,8.0,"Monday: 9:00 AM – 2:00 AM, Tuesday: 9:00 AM – 2:00 AM, Wednesday: 9:00 AM – 2:00 AM, Thursday: 9:00 AM – 2:00 AM, Friday: 9:00 AM – 10:00 PM, Saturday: 9:00 AM – 10:00 PM, Sunday: 1:00 PM – 2:00 AM",circadm@uci.edu,,,
Stacks,Main (Gardner) Stacks,"University of California, Berkeley, South Hall Rd, Berkeley, CA 94704, USA",,"library, point_of_interest, establishment",Not a restaurant,http://www.lib.berkeley.edu/libraries/main-stacks,,4.5,8.0,"Monday: 9:00 AM – 2:00 AM, Tuesday: 9:00 AM – 2:00 AM, Wednesday: 9:00 AM – 2:00 AM, Thursday: 9:00 AM – 2:00 AM, Friday: 9:00 AM – 10:00 PM, Saturday: 9:00 AM – 10:00 PM, Sunday: 1:00 PM – 2:00 AM",circ@library.ucsb.edu,,,
Stacks,Main (Gardner) Stacks,"University of California, Berkeley, South Hall Rd, Berkeley, CA 94704, USA",,"library, point_of_interest, establishment",Not a restaurant,http://www.lib.berkeley.edu/libraries/main-stacks,,4.5,8.0,"Monday: 9:00 AM – 2:00 AM, Tuesday: 9:00 AM – 2:00 AM, Wednesday: 9:00 AM – 2:00 AM, Thursday: 9:00 AM – 2:00 AM, Friday: 9:00 AM – 10:00 PM, Saturday: 9:00 AM – 10:00 PM, Sunday: 1:00 PM – 2:00 AM",give-library@berkeley.edu,,,
Stacks,Main (Gardner) Stacks,"University of California, Berkeley, South Hall Rd, Berkeley, CA 94704, USA",,"library, point_of_interest, establishment",Not a restaurant,http://www.lib.berkeley.edu/libraries/main-stacks,,4.5,8.0,"Monday: 9:00 AM – 2:00 AM, Tuesday: 9:00 AM – 2:00 AM, Wednesday: 9:00 AM – 2:00 AM, Thursday: 9:00 AM – 2:00 AM, Friday: 9:00 AM – 10:00 PM, Saturday: 9:00 AM – 10:00 PM, Sunday: 1:00 PM – 2:00 AM",librarybilling@ucdavis.edu,,,
Stacks,Main (Gardner) Stacks,"University of California, Berkeley, South Hall Rd, Berkeley, CA 94704, USA",,"library, point_of_interest, establishment",Not a restaurant,http://www.lib.berkeley.edu/libraries/main-stacks,,4.5,8.0,"Monday: 9:00 AM – 2:00 AM, Tuesday: 9:00 AM – 2:00 AM, Wednesday: 9:00 AM – 2:00 AM, Thursday: 9:00 AM – 2:00 AM, Friday: 9:00 AM – 10:00 PM, Saturday: 9:00 AM – 10:00 PM, Sunday: 1:00 PM – 2:00 AM",billing@library.ucsc.edu,,,
Stacks,Main (Gardner) Stacks,"University of California, Berkeley, South Hall Rd, Berkeley, CA 94704, USA",,"library, point_of_interest, establishment",Not a restaurant,http://www.lib.berkeley.edu/libraries/main-stacks,,4.5,8.0,"Monday: 9:00 AM – 2:00 AM, Tuesday: 9:00 AM – 2:00 AM, Wednesday: 9:00 AM – 2:00 AM, Thursday: 9:00 AM – 2:00 AM, Friday: 9:00 AM – 10:00 PM, Saturday: 9:00 AM – 10:00 PM, Sunday: 1:00 PM – 2:00 AM",coopprog-library@berkeley.edu,,,
Stacks,Main (Gardner) Stacks,"University of California, Berkeley, South Hall Rd, Berkeley, CA 94704, USA",,"library, point_of_interest, establishment",Not a restaurant,http://www.lib.berkeley.edu/libraries/main-stacks,,4.5,8.0,"Monday: 9:00 AM – 2:00 AM, Tuesday: 9:00 AM – 2:00 AM, Wednesday: 9:00 AM – 2:00 AM, Thursday: 9:00 AM – 2:00 AM, Friday: 9:00 AM – 10:00 PM, Saturday: 9:00 AM – 10:00 PM, Sunday: 1:00 PM – 2:00 AM",avmccirc-library@berkeley.edu,,,
Stacks,Main (Gardner) Stacks,"University of California, Berkeley, South Hall Rd, Berkeley, CA 94704, USA",,"library, point_of_interest, establishment",Not a restaurant,http://www.lib.berkeley.edu/libraries/main-stacks,,4.5,8.0,"Monday: 9:00 AM – 2:00 AM, Tuesday: 9:00 AM – 2:00 AM, Wednesday: 9:00 AM – 2:00 AM, Thursday: 9:00 AM – 2:00 AM, Friday: 9:00 AM – 10:00 PM, Saturday: 9:00 AM – 10:00 PM, Sunday: 1:00 PM – 2:00 AM",privdesk-library@berkeley.edu,,,
Stacks,Main (Gardner) Stacks,"University of California, Berkeley, South Hall Rd, Berkeley, CA 94704, USA",,"library, point_of_interest, establishment",Not a restaurant,http://www.lib.berkeley.edu/libraries/main-stacks,,4.5,8.0,"Monday: 9:00 AM – 2:00 AM, Tuesday: 9:00 AM – 2:00 AM, Wednesday: 9:00 AM – 2:00 AM, Thursday: 9:00 AM – 2:00 AM, Friday: 9:00 AM – 10:00 PM, Saturday: 9:00 AM – 10:00 PM, Sunday: 1:00 PM – 2:00 AM",library@ucmerced.edu,,,
Stacks,Main (Gardner) Stacks,"University of California, Berkeley, South Hall Rd, Berkeley, CA 94704, USA",,"library, point_of_interest, establishment",Not a restaurant,http://www.lib.berkeley.edu/libraries/main-stacks,,4.5,8.0,"Monday: 9:00 AM – 2:00 AM, Tuesday: 9:00 AM – 2:00 AM, Wednesday: 9:00 AM – 2:00 AM, Thursday: 9:00 AM – 2:00 AM, Friday: 9:00 AM – 10:00 PM, Saturday: 9:00 AM – 10:00 PM, Sunday: 1:00 PM – 2:00 AM",ereserves@lists.berkeley.edu,,,
Stacks,Main (Gardner) Stacks,"University of California, Berkeley, South Hall Rd, Berkeley, CA 94704, USA",,"library, point_of_interest, establishment",Not a restaurant,http://www.lib.berkeley.edu/libraries/main-stacks,,4.5,8.0,"Monday: 9:00 AM – 2:00 AM, Tuesday: 9:00 AM – 2:00 AM, Wednesday: 9:00 AM – 2:00 AM, Thursday: 9:00 AM – 2:00 AM, Friday: 9:00 AM – 10:00 PM, Saturday: 9:00 AM – 10:00 PM, Sunday: 1:00 PM – 2:00 AM",copycenter-library@berkeley.edu,,,
Stacks,Main (Gardner) Stacks,"University of California, Berkeley, South Hall Rd, Berkeley, CA 94704, USA",,"library, point_of_interest, establishment",Not a restaurant,http://www.lib.berkeley.edu/libraries/main-stacks,,4.5,8.0,"Monday: 9:00 AM – 2:00 AM, Tuesday: 9:00 AM – 2:00 AM, Wednesday: 9:00 AM – 2:00 AM, Thursday: 9:00 AM – 2:00 AM, Friday: 9:00 AM – 10:00 PM, Saturday: 9:00 AM – 10:00 PM, Sunday: 1:00 PM – 2:00 AM",cuy-library@berkeley.edu,,,
Stacks,Main (Gardner) Stacks,"University of California, Berkeley, South Hall Rd, Berkeley, CA 94704, USA",,"library, point_of_interest, establishment",Not a restaurant,http://www.lib.berkeley.edu/libraries/main-stacks,,4.5,8.0,"Monday: 9:00 AM – 2:00 AM, Tuesday: 9:00 AM – 2:00 AM, Wednesday: 9:00 AM – 2:00 AM, Thursday: 9:00 AM – 2:00 AM, Friday: 9:00 AM – 10:00 PM, Saturday: 9:00 AM – 10:00 PM, Sunday: 1:00 PM – 2:00 AM",LibraryBilling@ucsd.edu,,,
Stacks,Main (Gardner) Stacks,"University of California, Berkeley, South Hall Rd, Berkeley, CA 94704, USA",,"library, point_of_interest, establishment",Not a restaurant,http://www.lib.berkeley.edu/libraries/main-stacks,,4.5,8.0,"Monday: 9:00 AM – 2:00 AM, Tuesday: 9:00 AM – 2:00 AM, Wednesday: 9:00 AM – 2:00 AM, Thursday: 9:00 AM – 2:00 AM, Friday: 9:00 AM – 10:00 PM, Saturday: 9:00 AM – 10:00 PM, Sunday: 1:00 PM – 2:00 AM",cal1card@berkeley.edu,,,
Stacks,Main (Gardner) Stacks,"University of California, Berkeley, South Hall Rd, Berkeley, CA 94704, USA",,"library, point_of_interest, establishment",Not a restaurant,http://www.lib.berkeley.edu/libraries/main-stacks,,4.5,8.0,"Monday: 9:00 AM – 2:00 AM, Tuesday: 9:00 AM – 2:00 AM, Wednesday: 9:00 AM – 2:00 AM, Thursday: 9:00 AM – 2:00 AM, Friday: 9:00 AM – 10:00 PM, Saturday: 9:00 AM – 10:00 PM, Sunday: 1:00 PM – 2:00 AM",library-billing@ucr.edu,,,
Stacks,Main (Gardner) Stacks,"University of California, Berkeley, South Hall Rd, Berkeley, CA 94704, USA",,"library, point_of_interest, establishment",Not a restaurant,http://www.lib.berkeley.edu/libraries/main-stacks,,4.5,8.0,"Monday: 9:00 AM – 2:00 AM, Tuesday: 9:00 AM – 2:00 AM, Wednesday: 9:00 AM – 2:00 AM, Thursday: 9:00 AM – 2:00 AM, Friday: 9:00 AM – 10:00 PM, Saturday: 9:00 AM – 10:00 PM, Sunday: 1:00 PM – 2:00 AM",AskUs@library.ucla.edu,,,
Nopa,Nopa,"560 Divisadero St, San Francisco, CA 94117, USA",3.0,"restaurant, food, point_of_interest, establishment",BB1,http://www.nopasf.com/,(415) 864-8643,4.5,2808.0,"Monday: 5:30 – 10:00 PM, Tuesday: 5:30 – 10:00 PM, Wednesday: 5:30 – 10:00 PM, Thursday: 5:30 – 10:00 PM, Friday: 5:30 – 11:00 PM, Saturday: 5:30 – 11:00 PM, Sunday: 5:00 – 9:30 PM",info@nopasf.com,Toast,,
Nopa,Nopa,"560 Divisadero St, San Francisco, CA 94117, USA",3.0,"restaurant, food, point_of_interest, establishment",BB1,http://www.nopasf.com/,(415) 864-8643,4.5,2808.0,"Monday: 5:30 – 10:00 PM, Tuesday: 5:30 – 10:00 PM, Wednesday: 5:30 – 10:00 PM, Thursday: 5:30 – 10:00 PM, Friday: 5:30 – 11:00 PM, Saturday: 5:30 – 11:00 PM, Sunday: 5:00 – 9:30 PM",parties@nopasf.com,Toast,,
Nopa,Nopa,"560 Divisadero St, San Francisco, CA 94117, USA",3.0,"restaurant, food, point_of_interest, establishment",BB1,http://www.nopasf.com/,(415) 864-8643,4.5,2808.0,"Monday: 5:30 – 10:00 PM, Tuesday: 5:30 – 10:00 PM, Wednesday: 5:30 – 10:00 PM, Thursday: 5:30 – 10:00 PM, Friday: 5:30 – 11:00 PM, Saturday: 5:30 – 11:00 PM, Sunday: 5:00 – 9:30 PM",user@domain.com,Toast,,
Bar Crudo,Bar Crudo,"655 Divisadero St, San Francisco, CA 94117, USA",3.0,"restaurant, food, point_of_interest, establishment",BB1,https://www.barcrudo.com/,(415) 409-0679,4.6,729.0,"Monday: 5:00 – 9:00 PM, Tuesday: 5:00 – 9:00 PM, Wednesday: 5:00 – 9:00 PM, Thursday: 5:00 – 9:00 PM, Friday: 5:00 – 10:00 PM, Saturday: 5:00 – 10:00 PM, Sunday: Closed",user@domain.com,Toast,,
Bar Crudo,Bar Crudo,"655 Divisadero St, San Francisco, CA 94117, USA",3.0,"restaurant, food, point_of_interest, establishment",BB1,https://www.barcrudo.com/,(415) 409-0679,4.6,729.0,"Monday: 5:00 – 9:00 PM, Tuesday: 5:00 – 9:00 PM, Wednesday: 5:00 – 9:00 PM, Thursday: 5:00 – 9:00 PM, Friday: 5:00 – 10:00 PM, Saturday: 5:00 – 10:00 PM, Sunday: Closed",info@barcrudo.com,Toast,,
Zazie,Zazie,"941 Cole St, San Francisco, CA 94117, USA",2.0,"restaurant, point_of_interest, food, establishment",BB1,https://www.zaziesf.com/?y_source=1_NTczMjkxODctNzE1LWxvY2F0aW9uLndlYnNpdGU%3D,(415) 564-5332,4.6,3293.0,"Monday: 8:00 AM – 2:00 PM, 5:00 – 9:30 PM, Tuesday: 8:00 AM – 2:00 PM, 5:00 – 9:30 PM, Wednesday: 8:00 AM – 2:00 PM, 5:00 – 9:30 PM, Thursday: 8:00 AM – 2:00 PM, 5:00 – 9:30 PM, Friday: 8:00 AM – 2:00 PM, 5:00 – 10:00 PM, Saturday: 9:00 AM – 3:00 PM, 5:00 – 10:00 PM, Sunday: 9:00 AM – 3:00 PM, 5:00 – 9:30 PM",,Toast,,
Cha Cha Cha (Haight),Cha Cha Cha,"1801 Haight St, San Francisco, CA 94117, USA",2.0,"restaurant, point_of_interest, food, establishment",BB1,http://www.chachachasf.com/,(415) 386-7670,4.4,1951.0,"Monday: 11:30 AM – 10:30 PM, Tuesday: 11:30 AM – 10:30 PM, Wednesday: 11:30 AM – 10:30 PM, Thursday: 11:30 AM – 11:00 PM, Friday: 11:30 AM – 11:00 PM, Saturday: 11:30 AM – 11:00 PM, Sunday: 11:30 AM – 10:30 PM",user@domain.com,,,
Cha Cha Cha (Haight),Cha Cha Cha,"1801 Haight St, San Francisco, CA 94117, USA",2.0,"restaurant, point_of_interest, food, establishment",BB1,http://www.chachachasf.com/,(415) 386-7670,4.4,1951.0,"Monday: 11:30 AM – 10:30 PM, Tuesday: 11:30 AM – 10:30 PM, Wednesday: 11:30 AM – 10:30 PM, Thursday: 11:30 AM – 11:00 PM, Friday: 11:30 AM – 11:00 PM, Saturday: 11:30 AM – 11:00 PM, Sunday: 11:30 AM – 10:30 PM",info@chachachasf.com,,,
Cha Cha Cha (Haight),Cha Cha Cha,"1801 Haight St, San Francisco, CA 94117, USA",2.0,"restaurant, point_of_interest, food, establishment",BB1,http://www.chachachasf.com/,(415) 386-7670,4.4,1951.0,"Monday: 11:30 AM – 10:30 PM, Tuesday: 11:30 AM – 10:30 PM, Wednesday: 11:30 AM – 10:30 PM, Thursday: 11:30 AM – 11:00 PM, Friday: 11:30 AM – 11:00 PM, Saturday: 11:30 AM – 11:00 PM, Sunday: 11:30 AM – 10:30 PM",email@example.com,,,
Parada 22,Parada 22,"1805 Haight St, San Francisco, CA 94117, USA",2.0,"restaurant, food, point_of_interest, establishment",BB1,https://parada22.shop/,(415) 750-1111,4.5,1185.0,"Monday: 12:00 – 9:00 PM, Tuesday: 12:00 – 9:00 PM, Wednesday: 12:00 – 9:00 PM, Thursday: 12:00 – 9:00 PM, Friday: 12:00 – 9:00 PM, Saturday: 12:00 – 9:00 PM, Sunday: 12:00 – 9:00 PM",,,,
Magnolia Brewing (Haight),Magnolia SF - Haight,"1398 Haight St, San Francisco, CA 94117, USA",2.0,"bar, restaurant, food, point_of_interest, establishment",BB3,http://magnoliabrewing.com/,(415) 864-7468,4.4,892.0,"Monday: 12:00 PM – 12:00 AM, Tuesday: 12:00 PM – 12:00 AM, Wednesday: 12:00 PM – 12:00 AM, Thursday: 12:00 PM – 12:00 AM, Friday: 12:00 PM – 1:00 AM, Saturday: 12:00 PM – 1:00 AM, Sunday: 12:00 PM – 12:00 AM",,,,
The Grind Café,The Grind,"783 Haight St, San Francisco, CA 94117, USA",2.0,"cafe, food, point_of_interest, establishment",BB2,https://thegrindcafe.com/?y_source=1_MjU2NDY0OTUtNzE1LWxvY2F0aW9uLndlYnNpdGU%3D,(415) 864-0955,4.3,579.0,"Monday: 7:00 AM – 4:00 PM, Tuesday: 7:00 AM – 4:00 PM, Wednesday: 7:00 AM – 4:00 PM, Thursday: 7:00 AM – 4:00 PM, Friday: 7:00 AM – 4:00 PM, Saturday: 7:00 AM – 4:00 PM, Sunday: 7:00 AM – 4:00 PM",thegrindsf@gmail.com,Toast,,
Sparrow Bar and Kitchen,Sparrow Bar and Kitchen,"1640 Haight St, San Francisco, CA 94117, USA",2.0,"bar, restaurant, food, point_of_interest, establishment",BB3,,(415) 622-6137,4.1,271.0,,,,,
Kezar Bar & Restaurant,The Kezar Pub,"770 Stanyan St, San Francisco, CA 94117, USA",2.0,"bar, point_of_interest, establishment",BB3,,(415) 386-9292,4.4,988.0,"Monday: 11:30 AM – 12:00 AM, Tuesday: 11:30 AM – 12:00 AM, Wednesday: 11:30 AM – 12:00 AM, Thursday: 11:30 AM – 12:00 AM, Friday: 11:30 AM – 2:00 AM, Saturday: 6:00 AM – 2:00 AM, Sunday: 6:00 AM – 2:00 AM",,,,
Bacon Bacon,Bacon Bacon,"205A Frederick St, San Francisco, CA 94117, USA",1.0,"restaurant, food, point_of_interest, establishment",BB1,http://www.baconbaconsf.com/the-cafe-upper-haight,(415) 218-4347,4.3,434.0,"Monday: 7:00 AM – 2:00 PM, Tuesday: 7:00 AM – 2:00 PM, Wednesday: 7:00 AM – 2:00 PM, Thursday: 7:00 AM – 2:00 PM, Friday: 7:00 AM – 2:00 PM, Saturday: 8:00 AM – 2:00 PM, Sunday: 8:00 AM – 2:00 PM",,,,
Kate’s Kitchen,Kate's Kitchen,"471 Haight St, San Francisco, CA 94117, USA",1.0,"cafe, restaurant, food, point_of_interest, establishment",BB1,http://orderkateskitchen.com/,(415) 626-3984,4.3,619.0,"Monday: 9:00 AM – 2:00 PM, Tuesday: Closed, Wednesday: 9:00 AM – 2:00 PM, Thursday: 9:00 AM – 2:00 PM, Friday: 9:00 AM – 2:00 PM, Saturday: 9:00 AM – 3:00 PM, Sunday: 9:00 AM – 3:00 PM",,,,
Nopalito (Broderick),Nopalito,"306 Broderick St, San Francisco, CA 94117, USA",2.0,"restaurant, food, point_of_interest, establishment",BB1,http://www.nopalitosf.com/,(415) 437-0303,4.3,1907.0,"Monday: 11:30 AM – 9:00 PM, Tuesday: 11:30 AM – 9:00 PM, Wednesday: 4:30 – 9:00 PM, Thursday: 11:30 AM – 9:00 PM, Friday: 11:30 AM – 10:00 PM, Saturday: 11:30 AM – 10:00 PM, Sunday: 11:30 AM – 9:00 PM",hello@nopalitosf.com,,,
Nopalito (Broderick),Nopalito,"306 Broderick St, San Francisco, CA 94117, USA",2.0,"restaurant, food, point_of_interest, establishment",BB1,http://www.nopalitosf.com/,(415) 437-0303,4.3,1907.0,"Monday: 11:30 AM – 9:00 PM, Tuesday: 11:30 AM – 9:00 PM, Wednesday: 4:30 – 9:00 PM, Thursday: 11:30 AM – 9:00 PM, Friday: 11:30 AM – 10:00 PM, Saturday: 11:30 AM – 10:00 PM, Sunday: 11:30 AM – 9:00 PM",catering@nopalitosf.com,,,
Nopalito (Broderick),Nopalito,"306 Broderick St, San Francisco, CA 94117, USA",2.0,"restaurant, food, point_of_interest, establishment",BB1,http://www.nopalitosf.com/,(415) 437-0303,4.3,1907.0,"Monday: 11:30 AM – 9:00 PM, Tuesday: 11:30 AM – 9:00 PM, Wednesday: 4:30 – 9:00 PM, Thursday: 11:30 AM – 9:00 PM, Friday: 11:30 AM – 10:00 PM, Saturday: 11:30 AM – 10:00 PM, Sunday: 11:30 AM – 9:00 PM",user@domain.com,,,
The Fly,Fly,"762 Divisadero St, San Francisco, CA 94117, USA",2.0,"bar, restaurant, point_of_interest, food, establishment",BB3,,,4.3,394.0,"Monday: 2:00 PM – 2:00 AM, Tuesday: 2:00 PM – 2:00 AM, Wednesday: 2:00 PM – 2:00 AM, Thursday: 2:00 PM – 2:00 AM, Friday: 2:00 PM – 2:00 AM, Saturday: 12:00 PM – 2:00 AM, Sunday: 12:00 PM – 2:00 AM",,,,
The Cavalier,The Cavalier,"360 Jessie St, San Francisco, CA 94103, USA",3.0,"restaurant, point_of_interest, food, establishment",BB1,https://www.thecavaliersf.com/?y_source=1_MjQ4NzYzNDYtNzE1LWxvY2F0aW9uLndlYnNpdGU%3D,(415) 321-6000,4.4,992.0,"Monday: 4:00 – 9:00 PM, Tuesday: 4:00 – 9:00 PM, Wednesday: 4:00 – 9:00 PM, Thursday: 4:00 – 9:00 PM, Friday: 4:00 – 10:00 PM, Saturday: 4:00 – 10:00 PM, Sunday: Closed",events@thecavaliersf.com,Toast,,OpenTable
Izakaya Rintaro,Rintaro,"82 14th St, San Francisco, CA 94103, USA",3.0,"restaurant, point_of_interest, food, establishment",BB1,http://izakayarintaro.com/,(415) 589-7022,4.6,1170.0,"Monday: 5:00 – 10:00 PM, Tuesday: 5:00 – 10:00 PM, Wednesday: 5:00 – 10:00 PM, Thursday: 5:00 – 10:00 PM, Friday: 5:00 – 10:00 PM, Saturday: 5:00 – 10:00 PM, Sunday: Closed",,,,
Basil Thai Restaurant (Folsom),Basil Thai Restaurant & Bar,"1175 Folsom St, San Francisco, CA 94103, USA",2.0,"restaurant, food, point_of_interest, establishment",BB1,http://www.basilthai.com/,(415) 552-8999,4.3,742.0,"Monday: 11:30 AM – 9:30 PM, Tuesday: 11:30 AM – 9:30 PM, Wednesday: 11:30 AM – 9:30 PM, Thursday: 11:30 AM – 9:30 PM, Friday: 5:00 AM – 10:30 PM, Saturday: 5:00 – 10:30 PM, Sunday: 5:00 – 10:30 PM",,,,
Deli Board,Deli Board,"1058 Folsom St, San Francisco, CA 94103, USA",2.0,"meal_takeaway, restaurant, store, food, point_of_interest, establishment",BB1,http://www.deliboardsf.com/,(415) 552-7687,4.6,1142.0,"Monday: Closed, Tuesday: 11:00 AM – 3:00 PM, Wednesday: 11:00 AM – 3:00 PM, Thursday: 11:00 AM – 3:00 PM, Friday: 11:00 AM – 3:00 PM, Saturday: 11:00 AM – 3:00 PM, Sunday: 11:00 AM – 3:00 PM",94103adam@deliboardsf.com,,,
Deli Board,Deli Board,"1058 Folsom St, San Francisco, CA 94103, USA",2.0,"meal_takeaway, restaurant, store, food, point_of_interest, establishment",BB1,http://www.deliboardsf.com/,(415) 552-7687,4.6,1142.0,"Monday: Closed, Tuesday: 11:00 AM – 3:00 PM, Wednesday: 11:00 AM – 3:00 PM, Thursday: 11:00 AM – 3:00 PM, Friday: 11:00 AM – 3:00 PM, Saturday: 11:00 AM – 3:00 PM, Sunday: 11:00 AM – 3:00 PM",adam@deliboardsf.com,,,
Deli Board,Deli Board,"1058 Folsom St, San Francisco, CA 94103, USA",2.0,"meal_takeaway, restaurant, store, food, point_of_interest, establishment",BB1,http://www.deliboardsf.com/,(415) 552-7687,4.6,1142.0,"Monday: Closed, Tuesday: 11:00 AM – 3:00 PM, Wednesday: 11:00 AM – 3:00 PM, Thursday: 11:00 AM – 3:00 PM, Friday: 11:00 AM – 3:00 PM, Saturday: 11:00 AM – 3:00 PM, Sunday: 11:00 AM – 3:00 PM",605a7baede844d278b89dc95ae0a9123@sentry-next.wixpress.com,,,
Deli Board,Deli Board,"1058 Folsom St, San Francisco, CA 94103, USA",2.0,"meal_takeaway, restaurant, store, food, point_of_interest, establishment",BB1,http://www.deliboardsf.com/,(415) 552-7687,4.6,1142.0,"Monday: Closed, Tuesday: 11:00 AM – 3:00 PM, Wednesday: 11:00 AM – 3:00 PM, Thursday: 11:00 AM – 3:00 PM, Friday: 11:00 AM – 3:00 PM, Saturday: 11:00 AM – 3:00 PM, Sunday: 11:00 AM – 3:00 PM",2062d0a4929b45348643784b5cb39c36@sentry.wixpress.com,,,
Vive La Tarte,Vive La Tarte,"4026 24th St, San Francisco, CA 94114, USA",2.0,"cafe, bakery, restaurant, food, store, point_of_interest, establishment",BB1,https://www.vivelatarte.com/,(415) 780-5818,4.5,216.0,"Monday: 8:00 AM – 2:00 PM, Tuesday: 8:00 AM – 2:00 PM, Wednesday: 8:00 AM – 2:00 PM, Thursday: 8:00 AM – 2:00 PM, Friday: 8:00 AM – 2:00 PM, Saturday: 8:00 AM – 2:00 PM, Sunday: 8:00 AM – 2:00 PM",join@vivelatarte.com,,,
Vive La Tarte,Vive La Tarte,"4026 24th St, San Francisco, CA 94114, USA",2.0,"cafe, bakery, restaurant, food, store, point_of_interest, establishment",BB1,https://www.vivelatarte.com/,(415) 780-5818,4.5,216.0,"Monday: 8:00 AM – 2:00 PM, Tuesday: 8:00 AM – 2:00 PM, Wednesday: 8:00 AM – 2:00 PM, Thursday: 8:00 AM – 2:00 PM, Friday: 8:00 AM – 2:00 PM, Saturday: 8:00 AM – 2:00 PM, Sunday: 8:00 AM – 2:00 PM",press@vivelatarte.com,,,
1601 Bar & Kitchen,1601 Bar & Kitchen,"1601 Howard St, San Francisco, CA 94103, USA",3.0,"night_club, bar, restaurant, food, point_of_interest, establishment",BB3,http://www.1601sf.com/,(415) 552-1601,4.6,177.0,,,,,
Rocco’s Cafe,Rocco's Cafe,"1131 Folsom St, San Francisco, CA 94103, USA",2.0,"restaurant, food, point_of_interest, establishment",BB1,http://www.roccoscafe.com/,(415) 554-0522,4.5,1120.0,"Monday: 9:00 AM – 9:00 PM, Tuesday: 9:00 AM – 9:00 PM, Wednesday: 9:00 AM – 9:00 PM, Thursday: 9:00 AM – 9:00 PM, Friday: 9:00 AM – 12:30 AM, Saturday: 9:00 AM – 12:30 AM, Sunday: 9:00 AM – 9:00 PM",roccoscafesf@gmail.com,Toast,,
Rocco’s Cafe,Rocco's Cafe,"1131 Folsom St, San Francisco, CA 94103, USA",2.0,"restaurant, food, point_of_interest, establishment",BB1,http://www.roccoscafe.com/,(415) 554-0522,4.5,1120.0,"Monday: 9:00 AM – 9:00 PM, Tuesday: 9:00 AM – 9:00 PM, Wednesday: 9:00 AM – 9:00 PM, Thursday: 9:00 AM – 9:00 PM, Friday: 9:00 AM – 12:30 AM, Saturday: 9:00 AM – 12:30 AM, Sunday: 9:00 AM – 9:00 PM",sales@goodresto.com,Toast,,
Yemen Kitchen,Yemen Kitchen,"219 Jones St, San Francisco, CA 94102, USA",1.0,"restaurant, food, point_of_interest, establishment",BB1,https://yemenkitchen.com/,(415) 214-3575,4.5,464.0,"Monday: 11:00 AM – 8:00 PM, Tuesday: 11:00 AM – 8:00 PM, Wednesday: 11:00 AM – 8:00 PM, Thursday: 11:00 AM – 8:00 PM, Friday: 11:00 AM – 8:00 PM, Saturday: 11:00 AM – 8:00 PM, Sunday: 11:00 AM – 8:00 PM",,,,
Don Ramon’s Mexican Restaurant,Doña Mago,"301 S Van Ness Ave, San Francisco, CA 94103, USA",1.0,"restaurant, food, point_of_interest, establishment",BB1,http://donamagomexicanrestaurant.weebly.com/,(415) 573-8586,4.4,310.0,"Monday: 9:00 AM – 6:00 PM, Tuesday: 9:00 AM – 6:00 PM, Wednesday: 9:00 AM – 6:00 PM, Thursday: 9:00 AM – 6:00 PM, Friday: 9:00 AM – 6:00 PM, Saturday: 9:00 AM – 6:00 PM, Sunday: 9:00 AM – 5:00 PM",,,,
Basil Canteen,BASIL CANTEEN,"1489 Folsom St, San Francisco, CA 94103, USA",2.0,"restaurant, food, point_of_interest, establishment",BB1,http://www.basilcanteen.com/,(415) 552-3963,4.4,393.0,"Monday: 11:30 AM – 2:00 PM, 5:00 – 9:00 PM, Tuesday: 11:30 AM – 2:00 PM, 5:00 – 9:00 PM, Wednesday: 11:30 AM – 2:00 PM, 5:00 – 9:00 PM, Thursday: 11:30 AM – 2:00 PM, 5:00 – 9:00 PM, Friday: 11:30 AM – 2:00 PM, 5:00 – 9:00 PM, Saturday: 5:00 – 9:00 PM, Sunday: 5:00 – 9:00 PM",,,,
Tartine Bakery,Tartine Bakery,"600 Guerrero St, San Francisco, CA 94110, USA",2.0,"bakery, cafe, restaurant, store, food, point_of_interest, establishment",BB1,http://www.tartinebakery.com/,(415) 487-2600,4.5,5427.0,"Monday: 8:00 AM – 5:00 PM, Tuesday: 8:00 AM – 5:00 PM, Wednesday: 8:00 AM – 5:00 PM, Thursday: 8:00 AM – 5:00 PM, Friday: 8:00 AM – 5:00 PM, Saturday: 8:00 AM – 5:00 PM, Sunday: 8:00 AM – 5:00 PM",,,,
Flour + Water,Flour + Water,"2401 Harrison St, San Francisco, CA 94110, USA",3.0,"restaurant, food, point_of_interest, establishment",BB1,http://www.flourandwater.com/,(415) 826-7000,4.5,1630.0,"Monday: 5:00 – 9:30 PM, Tuesday: 5:00 – 9:30 PM, Wednesday: 5:00 – 9:30 PM, Thursday: 5:00 – 9:30 PM, Friday: 5:00 – 9:30 PM, Saturday: 5:00 – 9:30 PM, Sunday: 5:00 – 9:30 PM",info@flourandwater.com,Toast,,Tock
Flour + Water,Flour + Water,"2401 Harrison St, San Francisco, CA 94110, USA",3.0,"restaurant, food, point_of_interest, establishment",BB1,http://www.flourandwater.com/,(415) 826-7000,4.5,1630.0,"Monday: 5:00 – 9:30 PM, Tuesday: 5:00 – 9:30 PM, Wednesday: 5:00 – 9:30 PM, Thursday: 5:00 – 9:30 PM, Friday: 5:00 – 9:30 PM, Saturday: 5:00 – 9:30 PM, Sunday: 5:00 – 9:30 PM",events@fwhospitality.com,Toast,,Tock
Foreign Cinema,Foreign Cinema,"2534 Mission St, San Francisco, CA 94110, USA",3.0,"bar, restaurant, food, point_of_interest, establishment",BB3,http://www.foreigncinema.com/,(415) 648-7600,4.5,3029.0,"Monday: 5:00 – 10:00 PM, Tuesday: 5:00 – 10:00 PM, Wednesday: 5:00 – 10:00 PM, Thursday: 5:00 – 10:00 PM, Friday: 5:00 – 10:00 PM, Saturday: 10:30 AM – 2:30 PM, 5:00 – 10:00 PM, Sunday: 10:30 AM – 2:30 PM, 5:00 – 9:00 PM",info@foreigncinema.com,,,
Delfina,Pizzeria Delfina - Mission,"3621 18th St, San Francisco, CA 94110, USA",2.0,"restaurant, food, point_of_interest, establishment",BB1,https://www.pizzeriadelfina.com/location/mission-district/,(415) 437-6800,4.4,1224.0,"Monday: 4:30 – 10:00 PM, Tuesday: 4:30 – 10:00 PM, Wednesday: 4:30 – 10:00 PM, Thursday: 4:30 – 10:00 PM, Friday: 4:30 – 10:00 PM, Saturday: 5:30 – 10:00 PM, Sunday: 4:30 – 9:00 PM",delfina@delfinasf.com,Toast,,
Delfina,Pizzeria Delfina - Mission,"3621 18th St, San Francisco, CA 94110, USA",2.0,"restaurant, food, point_of_interest, establishment",BB1,https://www.pizzeriadelfina.com/location/mission-district/,(415) 437-6800,4.4,1224.0,"Monday: 4:30 – 10:00 PM, Tuesday: 4:30 – 10:00 PM, Wednesday: 4:30 – 10:00 PM, Thursday: 4:30 – 10:00 PM, Friday: 4:30 – 10:00 PM, Saturday: 5:30 – 10:00 PM, Sunday: 4:30 – 9:00 PM",Burlingame@pizzeriadelfina.com,Toast,,
Delfina,Pizzeria Delfina - Mission,"3621 18th St, San Francisco, CA 94110, USA",2.0,"restaurant, food, point_of_interest, establishment",BB1,https://www.pizzeriadelfina.com/location/mission-district/,(415) 437-6800,4.4,1224.0,"Monday: 4:30 – 10:00 PM, Tuesday: 4:30 – 10:00 PM, Wednesday: 4:30 – 10:00 PM, Thursday: 4:30 – 10:00 PM, Friday: 4:30 – 10:00 PM, Saturday: 5:30 – 10:00 PM, Sunday: 4:30 – 9:00 PM",pacheights@delfinasf.com,Toast,,
Delfina,Pizzeria Delfina - Mission,"3621 18th St, San Francisco, CA 94110, USA",2.0,"restaurant, food, point_of_interest, establishment",BB1,https://www.pizzeriadelfina.com/location/mission-district/,(415) 437-6800,4.4,1224.0,"Monday: 4:30 – 10:00 PM, Tuesday: 4:30 – 10:00 PM, Wednesday: 4:30 – 10:00 PM, Thursday: 4:30 – 10:00 PM, Friday: 4:30 – 10:00 PM, Saturday: 5:30 – 10:00 PM, Sunday: 4:30 – 9:00 PM",PaloAlto@pizzeriadelfina.com,Toast,,
Delfina,Pizzeria Delfina - Mission,"3621 18th St, San Francisco, CA 94110, USA",2.0,"restaurant, food, point_of_interest, establishment",BB1,https://www.pizzeriadelfina.com/location/mission-district/,(415) 437-6800,4.4,1224.0,"Monday: 4:30 – 10:00 PM, Tuesday: 4:30 – 10:00 PM, Wednesday: 4:30 – 10:00 PM, Thursday: 4:30 – 10:00 PM, Friday: 4:30 – 10:00 PM, Saturday: 5:30 – 10:00 PM, Sunday: 4:30 – 9:00 PM",retail@delfinasf.com,Toast,,
Delfina,Pizzeria Delfina - Mission,"3621 18th St, San Francisco, CA 94110, USA",2.0,"restaurant, food, point_of_interest, establishment",BB1,https://www.pizzeriadelfina.com/location/mission-district/,(415) 437-6800,4.4,1224.0,"Monday: 4:30 – 10:00 PM, Tuesday: 4:30 – 10:00 PM, Wednesday: 4:30 – 10:00 PM, Thursday: 4:30 – 10:00 PM, Friday: 4:30 – 10:00 PM, Saturday: 5:30 – 10:00 PM, Sunday: 4:30 – 9:00 PM",20retail@delfinasf.com,Toast,,
Delfina,Pizzeria Delfina - Mission,"3621 18th St, San Francisco, CA 94110, USA",2.0,"restaurant, food, point_of_interest, establishment",BB1,https://www.pizzeriadelfina.com/location/mission-district/,(415) 437-6800,4.4,1224.0,"Monday: 4:30 – 10:00 PM, Tuesday: 4:30 – 10:00 PM, Wednesday: 4:30 – 10:00 PM, Thursday: 4:30 – 10:00 PM, Friday: 4:30 – 10:00 PM, Saturday: 5:30 – 10:00 PM, Sunday: 4:30 – 9:00 PM",PacHeights@pizzeriadelfina.com,Toast,,
Delfina,Pizzeria Delfina - Mission,"3621 18th St, San Francisco, CA 94110, USA",2.0,"restaurant, food, point_of_interest, establishment",BB1,https://www.pizzeriadelfina.com/location/mission-district/,(415) 437-6800,4.4,1224.0,"Monday: 4:30 – 10:00 PM, Tuesday: 4:30 – 10:00 PM, Wednesday: 4:30 – 10:00 PM, Thursday: 4:30 – 10:00 PM, Friday: 4:30 – 10:00 PM, Saturday: 5:30 – 10:00 PM, Sunday: 4:30 – 9:00 PM",burlingame@pizzeriadelfina.com,Toast,,
Delfina,Pizzeria Delfina - Mission,"3621 18th St, San Francisco, CA 94110, USA",2.0,"restaurant, food, point_of_interest, establishment",BB1,https://www.pizzeriadelfina.com/location/mission-district/,(415) 437-6800,4.4,1224.0,"Monday: 4:30 – 10:00 PM, Tuesday: 4:30 – 10:00 PM, Wednesday: 4:30 – 10:00 PM, Thursday: 4:30 – 10:00 PM, Friday: 4:30 – 10:00 PM, Saturday: 5:30 – 10:00 PM, Sunday: 4:30 – 9:00 PM",paloalto@pizzeriadelfina.com,Toast,,
Limon Rotisserie (S Van Ness),Limón,"1001 S Van Ness Ave, San Francisco, CA 94110, USA",2.0,"restaurant, food, point_of_interest, establishment",BB1,http://www.limonrestaurants.com/?y_source=1_MTk4MDQ4MjktNzE1LWxvY2F0aW9uLndlYnNpdGU%3D,(415) 821-2134,4.4,1896.0,"Monday: 12:00 – 9:00 PM, Tuesday: 12:00 – 9:00 PM, Wednesday: 12:00 – 9:00 PM, Thursday: 12:00 – 9:00 PM, Friday: 12:00 – 9:00 PM, Saturday: 12:00 – 9:00 PM, Sunday: 12:00 – 8:00 PM",events@limonsf.com,Toast,,
Limon Rotisserie (S Van Ness),Limón,"1001 S Van Ness Ave, San Francisco, CA 94110, USA",2.0,"restaurant, food, point_of_interest, establishment",BB1,http://www.limonrestaurants.com/?y_source=1_MTk4MDQ4MjktNzE1LWxvY2F0aW9uLndlYnNpdGU%3D,(415) 821-2134,4.4,1896.0,"Monday: 12:00 – 9:00 PM, Tuesday: 12:00 – 9:00 PM, Wednesday: 12:00 – 9:00 PM, Thursday: 12:00 – 9:00 PM, Friday: 12:00 – 9:00 PM, Saturday: 12:00 – 9:00 PM, Sunday: 12:00 – 8:00 PM",INFO@LIMONSF.COM,Toast,,
Burma Love (Valencia),Burma Love,"211 Valencia St, San Francisco, CA 94103, USA",2.0,"restaurant, food, point_of_interest, establishment",BB1,https://www.burmalove.co/,(415) 861-2100,4.5,2076.0,"Monday: 11:30 AM – 3:00 PM, 5:00 – 10:00 PM, Tuesday: 11:30 AM – 3:00 PM, 5:00 – 10:00 PM, Wednesday: 11:30 AM – 3:00 PM, 5:00 – 10:00 PM, Thursday: 11:30 AM – 3:00 PM, 5:00 – 10:00 PM, Friday: 11:30 AM – 3:00 PM, 5:00 – 10:30 PM, Saturday: 11:30 AM – 3:00 PM, 5:00 – 10:30 PM, Sunday: 11:30 AM – 3:00 PM, 5:00 – 10:00 PM",,,,
Al’s Place,Al's Super Cafe,"3286 Mission St, San Francisco, CA 94110, USA",1.0,"restaurant, food, point_of_interest, establishment",BB1,https://www.alssupercafesf.com/,(415) 641-8445,4.3,219.0,"Monday: 7:30 AM – 3:00 PM, Tuesday: 7:30 AM – 3:00 PM, Wednesday: 7:30 AM – 3:00 PM, Thursday: 7:30 AM – 3:00 PM, Friday: 7:30 AM – 3:00 PM, Saturday: 7:30 AM – 3:00 PM, Sunday: 7:30 AM – 3:00 PM",info@beyondmenu.com,,,
La Taqueria,La Taqueria,"2889 Mission St, San Francisco, CA 94110, USA",1.0,"restaurant, food, point_of_interest, establishment",BB1,https://lataqueriasf.net/,(415) 285-7117,4.5,6294.0,"Monday: Closed, Tuesday: Closed, Wednesday: 11:00 AM – 8:45 PM, Thursday: 11:00 AM – 8:45 PM, Friday: 11:00 AM – 8:45 PM, Saturday: 11:00 AM – 8:45 PM, Sunday: 11:00 AM – 7:45 PM",,,,
Loló,Loló,"974 Valencia St, San Francisco, CA 94110, USA",2.0,"restaurant, food, point_of_interest, establishment",BB1,http://lolosf.com/,(415) 643-5656,4.6,1738.0,"Monday: 5:30 – 10:00 PM, Tuesday: 5:30 – 10:00 PM, Wednesday: 5:30 – 10:00 PM, Thursday: 5:30 – 10:00 PM, Friday: 5:30 – 11:00 PM, Saturday: 5:30 – 11:00 PM, Sunday: Closed",lolorestaurantsf@gmail.com,,,
Pizzeria Delfina,Pizzeria Delfina - Pacific Heights,"2406 California St, San Francisco, CA 94115, USA",2.0,"restaurant, food, point_of_interest, establishment",BB1,https://www.pizzeriadelfina.com/location/pacific-heights/,(415) 440-1189,4.4,878.0,"Monday: 5:00 – 8:00 PM, Tuesday: 5:00 – 9:00 PM, Wednesday: 12:00 – 9:00 PM, Thursday: 12:00 – 9:00 PM, Friday: 12:00 – 9:00 PM, Saturday: 12:00 – 9:00 PM, Sunday: 12:00 – 9:00 PM",delfina@delfinasf.com,Toast,,
Pizzeria Delfina,Pizzeria Delfina - Pacific Heights,"2406 California St, San Francisco, CA 94115, USA",2.0,"restaurant, food, point_of_interest, establishment",BB1,https://www.pizzeriadelfina.com/location/pacific-heights/,(415) 440-1189,4.4,878.0,"Monday: 5:00 – 8:00 PM, Tuesday: 5:00 – 9:00 PM, Wednesday: 12:00 – 9:00 PM, Thursday: 12:00 – 9:00 PM, Friday: 12:00 – 9:00 PM, Saturday: 12:00 – 9:00 PM, Sunday: 12:00 – 9:00 PM",Burlingame@pizzeriadelfina.com,Toast,,
Pizzeria Delfina,Pizzeria Delfina - Pacific Heights,"2406 California St, San Francisco, CA 94115, USA",2.0,"restaurant, food, point_of_interest, establishment",BB1,https://www.pizzeriadelfina.com/location/pacific-heights/,(415) 440-1189,4.4,878.0,"Monday: 5:00 – 8:00 PM, Tuesday: 5:00 – 9:00 PM, Wednesday: 12:00 – 9:00 PM, Thursday: 12:00 – 9:00 PM, Friday: 12:00 – 9:00 PM, Saturday: 12:00 – 9:00 PM, Sunday: 12:00 – 9:00 PM",pacheights@delfinasf.com,Toast,,
Pizzeria Delfina,Pizzeria Delfina - Pacific Heights,"2406 California St, San Francisco, CA 94115, USA",2.0,"restaurant, food, point_of_interest, establishment",BB1,https://www.pizzeriadelfina.com/location/pacific-heights/,(415) 440-1189,4.4,878.0,"Monday: 5:00 – 8:00 PM, Tuesday: 5:00 – 9:00 PM, Wednesday: 12:00 – 9:00 PM, Thursday: 12:00 – 9:00 PM, Friday: 12:00 – 9:00 PM, Saturday: 12:00 – 9:00 PM, Sunday: 12:00 – 9:00 PM",PaloAlto@pizzeriadelfina.com,Toast,,
Pizzeria Delfina,Pizzeria Delfina - Pacific Heights,"2406 California St, San Francisco, CA 94115, USA",2.0,"restaurant, food, point_of_interest, establishment",BB1,https://www.pizzeriadelfina.com/location/pacific-heights/,(415) 440-1189,4.4,878.0,"Monday: 5:00 – 8:00 PM, Tuesday: 5:00 – 9:00 PM, Wednesday: 12:00 – 9:00 PM, Thursday: 12:00 – 9:00 PM, Friday: 12:00 – 9:00 PM, Saturday: 12:00 – 9:00 PM, Sunday: 12:00 – 9:00 PM",retail@delfinasf.com,Toast,,
Pizzeria Delfina,Pizzeria Delfina - Pacific Heights,"2406 California St, San Francisco, CA 94115, USA",2.0,"restaurant, food, point_of_interest, establishment",BB1,https://www.pizzeriadelfina.com/location/pacific-heights/,(415) 440-1189,4.4,878.0,"Monday: 5:00 – 8:00 PM, Tuesday: 5:00 – 9:00 PM, Wednesday: 12:00 – 9:00 PM, Thursday: 12:00 – 9:00 PM, Friday: 12:00 – 9:00 PM, Saturday: 12:00 – 9:00 PM, Sunday: 12:00 – 9:00 PM",20retail@delfinasf.com,Toast,,
Pizzeria Delfina,Pizzeria Delfina - Pacific Heights,"2406 California St, San Francisco, CA 94115, USA",2.0,"restaurant, food, point_of_interest, establishment",BB1,https://www.pizzeriadelfina.com/location/pacific-heights/,(415) 440-1189,4.4,878.0,"Monday: 5:00 – 8:00 PM, Tuesday: 5:00 – 9:00 PM, Wednesday: 12:00 – 9:00 PM, Thursday: 12:00 – 9:00 PM, Friday: 12:00 – 9:00 PM, Saturday: 12:00 – 9:00 PM, Sunday: 12:00 – 9:00 PM",PacHeights@pizzeriadelfina.com,Toast,,
Pizzeria Delfina,Pizzeria Delfina - Pacific Heights,"2406 California St, San Francisco, CA 94115, USA",2.0,"restaurant, food, point_of_interest, establishment",BB1,https://www.pizzeriadelfina.com/location/pacific-heights/,(415) 440-1189,4.4,878.0,"Monday: 5:00 – 8:00 PM, Tuesday: 5:00 – 9:00 PM, Wednesday: 12:00 – 9:00 PM, Thursday: 12:00 – 9:00 PM, Friday: 12:00 – 9:00 PM, Saturday: 12:00 – 9:00 PM, Sunday: 12:00 – 9:00 PM",burlingame@pizzeriadelfina.com,Toast,,
Pizzeria Delfina,Pizzeria Delfina - Pacific Heights,"2406 California St, San Francisco, CA 94115, USA",2.0,"restaurant, food, point_of_interest, establishment",BB1,https://www.pizzeriadelfina.com/location/pacific-heights/,(415) 440-1189,4.4,878.0,"Monday: 5:00 – 8:00 PM, Tuesday: 5:00 – 9:00 PM, Wednesday: 12:00 – 9:00 PM, Thursday: 12:00 – 9:00 PM, Friday: 12:00 – 9:00 PM, Saturday: 12:00 – 9:00 PM, Sunday: 12:00 – 9:00 PM",paloalto@pizzeriadelfina.com,Toast,,
Beretta,Beretta Valencia,"1199 Valencia St, San Francisco, CA 94110, USA",2.0,"bar, restaurant, food, point_of_interest, establishment",BB3,http://berettasf.com/?utm_source=yext&utm_medium=gmb,(415) 695-1199,4.5,2447.0,"Monday: 5:00 – 10:00 PM, Tuesday: 5:00 – 10:00 PM, Wednesday: 5:00 – 10:00 PM, Thursday: 5:00 – 10:00 PM, Friday: 5:00 – 11:30 PM, Saturday: 11:00 AM – 11:30 PM, Sunday: 11:00 AM – 10:00 PM",,,inKind,
Papalote Mexican Grill (24th),Papalote,"3409 24th St, San Francisco, CA 94110, USA",1.0,"restaurant, food, point_of_interest, establishment",BB1,http://www.papalote-sf.com/,(415) 970-8815,4.3,1338.0,"Monday: 11:00 AM – 8:45 PM, Tuesday: 11:00 AM – 8:45 PM, Wednesday: 11:00 AM – 8:45 PM, Thursday: 11:00 AM – 9:45 PM, Friday: 11:00 AM – 9:45 PM, Saturday: 11:00 AM – 9:45 PM, Sunday: 11:00 AM – 8:45 PM",,,,
El Techo,El Techo,"2516 Mission St, San Francisco, CA 94110, USA",2.0,"restaurant, point_of_interest, food, establishment",BB1,https://eltechosf.com/,(415) 550-6970,4.4,3047.0,"Monday: Closed, Tuesday: 4:00 – 9:00 PM, Wednesday: 4:00 – 9:00 PM, Thursday: 4:00 – 9:00 PM, Friday: 4:00 – 10:00 PM, Saturday: 11:00 AM – 10:00 PM, Sunday: 11:00 AM – 9:00 PM",info@eltechosf.com,,inKind,
True Laurel,True Laurel,"753 Alabama St, San Francisco, CA 94110, USA",3.0,"bar, restaurant, food, point_of_interest, establishment",BB3,http://www.truelaurelsf.com/,(415) 341-0020,4.5,715.0,"Monday: Closed, Tuesday: 4:00 – 10:00 PM, Wednesday: 4:00 – 10:00 PM, Thursday: 4:00 – 11:00 PM, Friday: 4:00 PM – 12:00 AM, Saturday: 11:00 AM – 12:00 AM, Sunday: 11:00 AM – 10:00 PM",info@truelaurelsf.com,,,
True Laurel,True Laurel,"753 Alabama St, San Francisco, CA 94110, USA",3.0,"bar, restaurant, food, point_of_interest, establishment",BB3,http://www.truelaurelsf.com/,(415) 341-0020,4.5,715.0,"Monday: Closed, Tuesday: 4:00 – 10:00 PM, Wednesday: 4:00 – 10:00 PM, Thursday: 4:00 – 11:00 PM, Friday: 4:00 PM – 12:00 AM, Saturday: 11:00 AM – 12:00 AM, Sunday: 11:00 AM – 10:00 PM",events@truelaurelsf.com,,,
Taqueria El Farolito,Taqueria El Farolito,"2950 24th St, San Francisco, CA 94110, USA",1.0,"restaurant, point_of_interest, food, establishment",BB1,https://elfarolitosf.com/,(415) 641-0758,4.4,2070.0,"Monday: 10:00 AM – 1:30 AM, Tuesday: 10:00 AM – 1:30 AM, Wednesday: 10:00 AM – 1:30 AM, Thursday: 10:00 AM – 1:30 AM, Friday: Closed, Saturday: 10:00 AM – 2:30 AM, Sunday: 10:00 AM – 2:30 AM",,,,
Reem’s,Reem's California Mission,"2901 Mission St, San Francisco, CA 94110, USA",2.0,"restaurant, bakery, store, food, point_of_interest, establishment",BB1,http://www.reemscalifornia.com/,(415) 780-3294,4.4,216.0,"Monday: Closed, Tuesday: 11:00 AM – 3:00 PM, 5:00 – 9:00 PM, Wednesday: 11:00 AM – 3:00 PM, 5:00 – 9:00 PM, Thursday: 11:00 AM – 3:00 PM, 5:00 – 9:00 PM, Friday: 11:00 AM – 3:00 PM, 5:00 – 9:00 PM, Saturday: 11:00 AM – 3:00 PM, 5:00 – 9:00 PM, Sunday: Closed",jobs@reemscalifornia.com,,inKind,
Reem’s,Reem's California Mission,"2901 Mission St, San Francisco, CA 94110, USA",2.0,"restaurant, bakery, store, food, point_of_interest, establishment",BB1,http://www.reemscalifornia.com/,(415) 780-3294,4.4,216.0,"Monday: Closed, Tuesday: 11:00 AM – 3:00 PM, 5:00 – 9:00 PM, Wednesday: 11:00 AM – 3:00 PM, 5:00 – 9:00 PM, Thursday: 11:00 AM – 3:00 PM, 5:00 – 9:00 PM, Friday: 11:00 AM – 3:00 PM, 5:00 – 9:00 PM, Saturday: 11:00 AM – 3:00 PM, 5:00 – 9:00 PM, Sunday: Closed",info@reemscalifornia.com,,inKind,
The Morris,The Morris,"2501 Mariposa St, San Francisco, CA 94110, USA",3.0,"restaurant, point_of_interest, food, establishment",BB1,http://www.themorris-sf.com/,(415) 612-8480,4.7,570.0,"Monday: 5:00 – 9:30 PM, Tuesday: 5:00 – 9:30 PM, Wednesday: 5:00 – 9:30 PM, Thursday: 5:00 – 9:30 PM, Friday: 5:00 – 9:30 PM, Saturday: 5:00 – 9:30 PM, Sunday: Closed",events@themorris-sf.com,Toast,,Resy
The Morris,The Morris,"2501 Mariposa St, San Francisco, CA 94110, USA",3.0,"restaurant, point_of_interest, food, establishment",BB1,http://www.themorris-sf.com/,(415) 612-8480,4.7,570.0,"Monday: 5:00 – 9:30 PM, Tuesday: 5:00 – 9:30 PM, Wednesday: 5:00 – 9:30 PM, Thursday: 5:00 – 9:30 PM, Friday: 5:00 – 9:30 PM, Saturday: 5:00 – 9:30 PM, Sunday: Closed",info@themorris-sf.com,Toast,,Resy
Heirloom Cafe,Heirloom Café,"2500 Folsom St, San Francisco, CA 94110, USA",3.0,"cafe, bar, restaurant, food, point_of_interest, establishment",BB3,https://heirloom-sf.com/,(415) 821-2500,4.6,360.0,"Monday: Closed, Tuesday: 5:45 – 9:30 PM, Wednesday: 5:45 – 9:30 PM, Thursday: 5:45 – 9:30 PM, Friday: 5:45 – 10:00 PM, Saturday: 5:45 – 10:00 PM, Sunday: Closed",stephen@heirloom-sf.com,Toast,,
Prubechu,Prubechu,"2224 Mission St #A, San Francisco, CA 94110, USA",3.0,"restaurant, food, point_of_interest, establishment",BB1,http://www.prubechu.com/,(415) 853-0671,4.6,430.0,"Monday: Closed, Tuesday: Closed, Wednesday: 12:00 – 3:00 PM, 5:00 – 9:30 PM, Thursday: 12:00 – 3:00 PM, 5:00 – 9:30 PM, Friday: 12:00 – 3:00 PM, 5:00 – 9:30 PM, Saturday: 12:00 – 3:00 PM, 5:00 – 9:30 PM, Sunday: 11:00 AM – 3:00 PM",States4158530671info@prubechu.com,Toast,,Resy
Prubechu,Prubechu,"2224 Mission St #A, San Francisco, CA 94110, USA",3.0,"restaurant, food, point_of_interest, establishment",BB1,http://www.prubechu.com/,(415) 853-0671,4.6,430.0,"Monday: Closed, Tuesday: Closed, Wednesday: 12:00 – 3:00 PM, 5:00 – 9:30 PM, Thursday: 12:00 – 3:00 PM, 5:00 – 9:30 PM, Friday: 12:00 – 3:00 PM, 5:00 – 9:30 PM, Saturday: 12:00 – 3:00 PM, 5:00 – 9:30 PM, Sunday: 11:00 AM – 3:00 PM",info@prubechu.com,Toast,,Resy
Trick Dog,Trick Dog,"3010 20th St, San Francisco, CA 94110, USA",2.0,"bar, restaurant, food, point_of_interest, establishment",BB3,https://www.trickdogbar.com/,(415) 471-2999,4.5,1237.0,"Monday: 4:00 PM – 12:00 AM, Tuesday: 4:00 PM – 12:00 AM, Wednesday: 4:00 PM – 12:00 AM, Thursday: 4:00 PM – 12:00 AM, Friday: 4:00 PM – 2:00 AM, Saturday: 4:00 PM – 2:00 AM, Sunday: 4:00 PM – 12:00 AM",X@K.bA,,,Resy
Trick Dog,Trick Dog,"3010 20th St, San Francisco, CA 94110, USA",2.0,"bar, restaurant, food, point_of_interest, establishment",BB3,https://www.trickdogbar.com/,(415) 471-2999,4.5,1237.0,"Monday: 4:00 PM – 12:00 AM, Tuesday: 4:00 PM – 12:00 AM, Wednesday: 4:00 PM – 12:00 AM, Thursday: 4:00 PM – 12:00 AM, Friday: 4:00 PM – 2:00 AM, Saturday: 4:00 PM – 2:00 AM, Sunday: 4:00 PM – 12:00 AM",u@b.QS,,,Resy
Trick Dog,Trick Dog,"3010 20th St, San Francisco, CA 94110, USA",2.0,"bar, restaurant, food, point_of_interest, establishment",BB3,https://www.trickdogbar.com/,(415) 471-2999,4.5,1237.0,"Monday: 4:00 PM – 12:00 AM, Tuesday: 4:00 PM – 12:00 AM, Wednesday: 4:00 PM – 12:00 AM, Thursday: 4:00 PM – 12:00 AM, Friday: 4:00 PM – 2:00 AM, Saturday: 4:00 PM – 2:00 AM, Sunday: 4:00 PM – 12:00 AM",mwatson@baltzco.com,,,Resy
Trick Dog,Trick Dog,"3010 20th St, San Francisco, CA 94110, USA",2.0,"bar, restaurant, food, point_of_interest, establishment",BB3,https://www.trickdogbar.com/,(415) 471-2999,4.5,1237.0,"Monday: 4:00 PM – 12:00 AM, Tuesday: 4:00 PM – 12:00 AM, Wednesday: 4:00 PM – 12:00 AM, Thursday: 4:00 PM – 12:00 AM, Friday: 4:00 PM – 2:00 AM, Saturday: 4:00 PM – 2:00 AM, Sunday: 4:00 PM – 12:00 AM",sabell@baltzco.com,,,Resy
Trick Dog,Trick Dog,"3010 20th St, San Francisco, CA 94110, USA",2.0,"bar, restaurant, food, point_of_interest, establishment",BB3,https://www.trickdogbar.com/,(415) 471-2999,4.5,1237.0,"Monday: 4:00 PM – 12:00 AM, Tuesday: 4:00 PM – 12:00 AM, Wednesday: 4:00 PM – 12:00 AM, Thursday: 4:00 PM – 12:00 AM, Friday: 4:00 PM – 2:00 AM, Saturday: 4:00 PM – 2:00 AM, Sunday: 4:00 PM – 12:00 AM",events@bonvivants.com,,,Resy
Trick Dog,Trick Dog,"3010 20th St, San Francisco, CA 94110, USA",2.0,"bar, restaurant, food, point_of_interest, establishment",BB3,https://www.trickdogbar.com/,(415) 471-2999,4.5,1237.0,"Monday: 4:00 PM – 12:00 AM, Tuesday: 4:00 PM – 12:00 AM, Wednesday: 4:00 PM – 12:00 AM, Thursday: 4:00 PM – 12:00 AM, Friday: 4:00 PM – 2:00 AM, Saturday: 4:00 PM – 2:00 AM, Sunday: 4:00 PM – 12:00 AM",ileftmycard@trickdogbar.com,,,Resy
Trick Dog,Trick Dog,"3010 20th St, San Francisco, CA 94110, USA",2.0,"bar, restaurant, food, point_of_interest, establishment",BB3,https://www.trickdogbar.com/,(415) 471-2999,4.5,1237.0,"Monday: 4:00 PM – 12:00 AM, Tuesday: 4:00 PM – 12:00 AM, Wednesday: 4:00 PM – 12:00 AM, Thursday: 4:00 PM – 12:00 AM, Friday: 4:00 PM – 2:00 AM, Saturday: 4:00 PM – 2:00 AM, Sunday: 4:00 PM – 12:00 AM",info@trickdogbar.com,,,Resy
Arizmendi Bakery (Valencia),Arizmendi Bakery,"1268 Valencia St, San Francisco, CA 94110, USA",1.0,"bakery, food, point_of_interest, store, establishment",BB2,http://valencia.arizmendi.coop/,(415) 826-9218,4.8,1216.0,"Monday: 7:00 AM – 7:00 PM, Tuesday: Closed, Wednesday: 7:00 AM – 7:00 PM, Thursday: 7:00 AM – 7:00 PM, Friday: 7:00 AM – 7:00 PM, Saturday: 8:00 AM – 7:00 PM, Sunday: 8:00 AM – 7:00 PM",valencia@arizmendi.coop,,,
Arizmendi Bakery (Valencia),Arizmendi Bakery,"1268 Valencia St, San Francisco, CA 94110, USA",1.0,"bakery, food, point_of_interest, store, establishment",BB2,http://valencia.arizmendi.coop/,(415) 826-9218,4.8,1216.0,"Monday: 7:00 AM – 7:00 PM, Tuesday: Closed, Wednesday: 7:00 AM – 7:00 PM, Thursday: 7:00 AM – 7:00 PM, Friday: 7:00 AM – 7:00 PM, Saturday: 8:00 AM – 7:00 PM, Sunday: 8:00 AM – 7:00 PM",826-9218valencia@arizmendi.coop,,,
Frances,Frances Hotel,"2084 Mission St, San Francisco, CA 94110, USA",,"lodging, point_of_interest, establishment",Not a restaurant,,(415) 553-6190,2.7,24.0,,,,,
Kitchen Story,Kitchen Story,"3499 16th St, San Francisco, CA 94114, USA",2.0,"restaurant, food, point_of_interest, establishment",BB1,https://www.kitchenstorysf.com/,(415) 525-4905,4.4,2598.0,"Monday: 9:00 AM – 2:00 PM, Tuesday: 9:00 AM – 2:00 PM, Wednesday: 9:00 AM – 2:00 PM, Thursday: 9:00 AM – 2:00 PM, Friday: 9:00 AM – 2:00 PM, Saturday: 9:00 AM – 2:30 PM, Sunday: 9:00 AM – 2:30 PM",,,,
Starbelly,Starbelly,"3583 16th St, San Francisco, CA 94114, USA",2.0,"restaurant, food, point_of_interest, establishment",BB1,http://www.starbellysf.com/?utm_source=yext&utm_medium=gmb,(415) 252-7500,4.4,1961.0,"Monday: 11:30 AM – 9:00 PM, Tuesday: 11:30 AM – 9:00 PM, Wednesday: 11:30 AM – 9:00 PM, Thursday: 11:30 AM – 9:00 PM, Friday: 11:30 AM – 10:00 PM, Saturday: 10:00 AM – 10:00 PM, Sunday: 10:00 AM – 9:00 PM",info@starbellysf.com,Toast,inKind,OpenTable
Fable,Fable,"558 Castro St, San Francisco, CA 94114, USA",2.0,"bar, restaurant, food, point_of_interest, establishment",BB3,https://www.fablesf.com/,(415) 590-2404,4.4,956.0,"Monday: 11:00 AM – 2:30 PM, 5:00 – 9:00 PM, Tuesday: 11:00 AM – 2:30 PM, 5:00 – 9:30 PM, Wednesday: 11:00 AM – 2:30 PM, 5:00 – 9:30 PM, Thursday: 11:00 AM – 2:30 PM, 5:00 – 9:30 PM, Friday: 11:00 AM – 2:30 PM, 5:00 – 9:30 PM, Saturday: 10:00 AM – 2:30 PM, 5:00 – 9:30 PM, Sunday: 10:00 AM – 2:30 PM, 5:00 – 9:00 PM",user@domain.com,,SpotOn,OpenTable
Fable,Fable,"558 Castro St, San Francisco, CA 94114, USA",2.0,"bar, restaurant, food, point_of_interest, establishment",BB3,https://www.fablesf.com/,(415) 590-2404,4.4,956.0,"Monday: 11:00 AM – 2:30 PM, 5:00 – 9:00 PM, Tuesday: 11:00 AM – 2:30 PM, 5:00 – 9:30 PM, Wednesday: 11:00 AM – 2:30 PM, 5:00 – 9:30 PM, Thursday: 11:00 AM – 2:30 PM, 5:00 – 9:30 PM, Friday: 11:00 AM – 2:30 PM, 5:00 – 9:30 PM, Saturday: 10:00 AM – 2:30 PM, 5:00 – 9:30 PM, Sunday: 10:00 AM – 2:30 PM, 5:00 – 9:00 PM",contact@fablesf.com,,SpotOn,OpenTable
Canela Bistro & Wine Bar,Canela Bistro & Wine Bar,"2272 Market St, San Francisco, CA 94114, USA",2.0,"bar, restaurant, food, point_of_interest, establishment",BB3,https://canelasf.com/,(415) 552-3000,4.6,523.0,"Monday: Closed, Tuesday: 5:00 – 9:30 PM, Wednesday: 5:00 – 9:30 PM, Thursday: 5:00 – 9:30 PM, Friday: 5:00 – 9:30 PM, Saturday: 5:00 – 9:30 PM, Sunday: 5:00 – 9:30 PM",jobs@canelasf.com,,,OpenTable
Canela Bistro & Wine Bar,Canela Bistro & Wine Bar,"2272 Market St, San Francisco, CA 94114, USA",2.0,"bar, restaurant, food, point_of_interest, establishment",BB3,https://canelasf.com/,(415) 552-3000,4.6,523.0,"Monday: Closed, Tuesday: 5:00 – 9:30 PM, Wednesday: 5:00 – 9:30 PM, Thursday: 5:00 – 9:30 PM, Friday: 5:00 – 9:30 PM, Saturday: 5:00 – 9:30 PM, Sunday: 5:00 – 9:30 PM",CONTACT@CANELASF.COM,,,OpenTable
Canela Bistro & Wine Bar,Canela Bistro & Wine Bar,"2272 Market St, San Francisco, CA 94114, USA",2.0,"bar, restaurant, food, point_of_interest, establishment",BB3,https://canelasf.com/,(415) 552-3000,4.6,523.0,"Monday: Closed, Tuesday: 5:00 – 9:30 PM, Wednesday: 5:00 – 9:30 PM, Thursday: 5:00 – 9:30 PM, Friday: 5:00 – 9:30 PM, Saturday: 5:00 – 9:30 PM, Sunday: 5:00 – 9:30 PM",contact@canelasf.com,,,OpenTable
Canela Bistro & Wine Bar,Canela Bistro & Wine Bar,"2272 Market St, San Francisco, CA 94114, USA",2.0,"bar, restaurant, food, point_of_interest, establishment",BB3,https://canelasf.com/,(415) 552-3000,4.6,523.0,"Monday: Closed, Tuesday: 5:00 – 9:30 PM, Wednesday: 5:00 – 9:30 PM, Thursday: 5:00 – 9:30 PM, Friday: 5:00 – 9:30 PM, Saturday: 5:00 – 9:30 PM, Sunday: 5:00 – 9:30 PM",JOBS@CANELASF.COM,,,OpenTable
Anchor Oyster Bar,Anchor Oyster Bar,"579 Castro St, San Francisco, CA 94114, USA",3.0,"bar, restaurant, food, point_of_interest, establishment",BB3,http://www.anchoroysterbar.com/,(415) 431-3990,4.7,1153.0,"Monday: 2:00 – 8:00 PM, Tuesday: Closed, Wednesday: Closed, Thursday: 2:00 – 8:00 PM, Friday: 2:00 – 8:00 PM, Saturday: 2:00 – 8:00 PM, Sunday: 2:00 – 8:00 PM",,,,
Orphan Andy’s,Orphan Andy's Restaurant,"3991 A 17th St, San Francisco, CA 94114, USA",1.0,"restaurant, food, point_of_interest, establishment",BB1,,(415) 864-9795,4.5,2196.0,"Monday: 6:00 AM – 9:45 PM, Tuesday: 8:00 AM – 9:45 PM, Wednesday: 8:00 AM – 9:45 PM, Thursday: Open 24 hours, Friday: Open 24 hours, Saturday: Open 24 hours, Sunday: Open 24 hours",,,,
L’ardoise Bistro,L'Ardoise Bistro,"151 Noe St, San Francisco, CA 94114, USA",3.0,"restaurant, food, point_of_interest, establishment",BB1,http://www.ardoisesf.com/,(415) 437-2600,4.7,680.0,"Monday: Closed, Tuesday: 5:00 – 9:30 PM, Wednesday: 5:00 – 9:30 PM, Thursday: 5:00 – 9:30 PM, Friday: 5:00 – 9:30 PM, Saturday: 5:00 – 9:30 PM, Sunday: Closed",info@LArdoisesf.com,,,
Poesia,Poesia Cafe,"4076 18th St, San Francisco, CA 94114, USA",,"bakery, cafe, meal_takeaway, bar, restaurant, food, store, point_of_interest, establishment",BB2,http://www.poesiacafesf.com/,(415) 765-3522,4.8,102.0,"Monday: 8:00 AM – 5:00 PM, Tuesday: 8:00 AM – 5:00 PM, Wednesday: 8:00 AM – 5:00 PM, Thursday: 8:00 AM – 5:00 PM, Friday: 8:00 AM – 5:00 PM, Saturday: 8:00 AM – 5:00 PM, Sunday: 8:00 AM – 5:00 PM",user@domain.com,,,
Lark,Lark Lane,"Lark Ln, Tamalpais-Homestead Valley, CA 94941, USA",,route,Not a restaurant,,,,,,,,,
Ristorante Franchino,Ristorante Franchino,"Via Roma, 10, 84010 Praiano SA, Italy",,"restaurant, point_of_interest, food, establishment",BB1,https://www.ristorantefranchino.com/,089 813 1226,4.5,408.0,,reservations@ondaverde.it,,,
Ristorante Franchino,Ristorante Franchino,"Via Roma, 10, 84010 Praiano SA, Italy",,"restaurant, point_of_interest, food, establishment",BB1,https://www.ristorantefranchino.com/,089 813 1226,4.5,408.0,,reservations@ondaverde.itPrivacy,,,
Slurp Noodle Bar,Slurp Noodle Bar,"469 Castro St #2019, San Francisco, CA 94114, USA",2.0,"restaurant, food, point_of_interest, establishment",BB1,https://www.facebook.com/pages/Slurp-Noodle-Bar/424984394924351,(415) 553-6633,4.1,294.0,,,,,
La Mediterranee (Noe),La Mediterranee,"288 Noe St, San Francisco, CA 94114, USA",2.0,"restaurant, food, point_of_interest, establishment",BB1,http://www.lamednoe.com/,(415) 431-7210,4.4,535.0,"Monday: Closed, Tuesday: 11:00 AM – 9:00 PM, Wednesday: 11:00 AM – 9:00 PM, Thursday: 11:00 AM – 9:00 PM, Friday: 11:00 AM – 9:30 PM, Saturday: 11:00 AM – 9:30 PM, Sunday: 11:00 AM – 9:00 PM",information@lamednoe.com,,,
Eureka! (18th),Eureka,"4063 18th St, San Francisco, CA 94114, USA",2.0,"bar, restaurant, food, point_of_interest, establishment",BB3,,(415) 431-6000,4.4,146.0,,,,,
Super Duper Burgers (Market),Super Duper Burgers,"721 Market St, San Francisco, CA 94103, USA",1.0,"restaurant, food, point_of_interest, establishment",BB1,https://superduperburgers.com/,(415) 407-8014,4.4,6600.0,"Monday: 10:00 AM – 9:00 PM, Tuesday: 10:00 AM – 9:00 PM, Wednesday: 10:00 AM – 9:00 PM, Thursday: 10:00 AM – 9:00 PM, Friday: 10:00 AM – 9:30 PM, Saturday: 10:00 AM – 9:30 PM, Sunday: 10:00 AM – 9:00 PM",irving@superdupersf.com,,,
Super Duper Burgers (Market),Super Duper Burgers,"721 Market St, San Francisco, CA 94103, USA",1.0,"restaurant, food, point_of_interest, establishment",BB1,https://superduperburgers.com/,(415) 407-8014,4.4,6600.0,"Monday: 10:00 AM – 9:00 PM, Tuesday: 10:00 AM – 9:00 PM, Wednesday: 10:00 AM – 9:00 PM, Thursday: 10:00 AM – 9:00 PM, Friday: 10:00 AM – 9:30 PM, Saturday: 10:00 AM – 9:30 PM, Sunday: 10:00 AM – 9:00 PM",sdsanmateo@superdupersf.com,,,
Chilango,Tacos El Chilango,"3498 Cesar Chavez St, San Francisco, CA 94110, USA",2.0,"restaurant, point_of_interest, food, establishment",BB1,,(415) 304-5039,3.8,4.0,"Monday: 11:00 AM – 9:00 PM, Tuesday: 11:00 AM – 9:00 PM, Wednesday: 11:00 AM – 9:00 PM, Thursday: 11:00 AM – 9:00 PM, Friday: 11:00 AM – 6:30 PM, Saturday: 11:00 AM – 6:30 PM, Sunday: Closed",,,,
