whole name,Name,Address,Price Level,Types,Category,Website,Phone Number,Rating,Review Count,Opening Hours,Email,POS System,Loyalty Programs,Reservation Platform,Review Text,Review Author,Review Rating,Poem,Popular Dish/Drink
Azalina's,Azalina's,"499 Ellis St, San Francisco, CA 94102, USA",,"restaurant, food, point_of_interest, establishment",BB1,https://www.azalinas.com/,,4.4,82,"Monday: Closed, Tuesday: Closed, Wednesday: 5:00â€‰â€“â€‰10:00â€¯PM, Thursday: 5:00â€‰â€“â€‰10:00â€¯PM, Friday: 5:00â€‰â€“â€‰10:00â€¯PM, Saturday: 5:00â€‰â€“â€‰10:00â€¯PM, Sunday: Closed",499@azalinas.com,Toast,,Resy,"In rather a rough area so we were surprised by the location. Once we walked through the door though we were transported to a different world. The decoration reminded of Peranakan homes I have seen in Singapore.
You need to reserve in advance and decide if you are going with fixed 2 or 4 course meal. This is not your typical Malaysian nor Straits style food. Truly amazing and by end of the meal you will be full!
Wish I could have had seconds of the trifle desert though!!
On the pricey side as with drinks looking at >$120 per person.
Great choice for a memorable night out.",Justin Williams,5,"Here is the poem referencing the restaurant and review highlights, followed by the most mentioned dish:","Azalina's is quite the find
With flavors that dance and delight the mind
Some bumps along the way  
But the beef cheek makes it a memorable day

beef cheek"
B Patisserie,b. patisserie,"2821 California St, San Francisco, CA 94115, USA",2.0,"bakery, store, food, point_of_interest, establishment",BB2,http://bpatisserie.com/,(415) 440-1700,4.7,2613,"Monday: Closed, Tuesday: Closed, Wednesday: 8:00â€¯AMâ€‰â€“â€‰4:00â€¯PM, Thursday: 8:00â€¯AMâ€‰â€“â€‰4:00â€¯PM, Friday: 8:00â€¯AMâ€‰â€“â€‰4:00â€¯PM, Saturday: 8:00â€¯AMâ€‰â€“â€‰5:00â€¯PM, Sunday: 8:00â€¯AMâ€‰â€“â€‰5:00â€¯PM",,,,,"B. Patisserie, on the corner of California and Divisadero you will find heaven on earth. You make your way through a line walking around the large selection of fresh Viennoiseries behind the glass, at the cashier point you can order a fresh to order sandwich and beverage. You are given a number and patiently wait for a table, the tables keep turning, leaving small pastry crust all over, the servers keep cleaning and delivering food; be patient; you will soon be rewarded. l had the chocolate banana almond croissant,  enough for two people to share, it was crispy and golden brown around the edges and the filling was slightly sweet not overpowering chocolate banana filling, soon to be my favorite morning treat while having coffee with my wife. I also ordered the cortado, good quality coffee beans served in a small cup, I could not resist and also ordered the open face Ham and Cheese with sliced French Swiss Cheese and Bechamel, piping hotâ€¦heavenly served on a plate with fork and knife. Enjoy!!!",Salvadorian,5,"Here is the poem referencing the restaurant and reviews, followed by the most mentioned dish:","B Patisserie, a delight
Flaky croissants baked just right
Sweet indulgence day and night
Parisian dreams in our sight
Chocolate bananas take a bite  

chocolate banana croissant"
Bix,Bix,"56 Gold St, San Francisco, CA 94133, USA",3.0,"night_club, bar, restaurant, food, point_of_interest, establishment",BB3,http://www.bixrestaurant.com/,(415) 433-6300,4.5,1143,"Monday: 5:30â€‰â€“â€‰11:00â€¯PM, Tuesday: 5:30â€‰â€“â€‰11:00â€¯PM, Wednesday: 5:30â€‰â€“â€‰11:00â€¯PM, Thursday: 5:30â€‰â€“â€‰11:00â€¯PM, Friday: 5:00â€¯PMâ€‰â€“â€‰12:00â€¯AM, Saturday: 5:00â€¯PMâ€‰â€“â€‰12:00â€¯AM, Sunday: 5:00â€‰â€“â€‰10:30â€¯PM",,,,,"My boyfriend and I came here the other night for the first time for our anniversary. We had put on our online reservation that we were celebrating. Bix did such an amazing job ensuring our evening was special with great seating, anniversary card, and a special surprise. The atmosphere and music was great along with the fantastic food. I recommend this spot to anyone looking for a romantic evening. Thanks for the great service, we will be returning!",Finley Large,5,Here is the poem referencing Bix restaurant followed by the most mentioned dish:,"Bix, a jazzy delight
Food and music unite
Romantic nights here abound  
Delectable dishes astound

Lobster spaghetti"
Californios,Californios,"355 11th St, San Francisco, CA 94103, USA",4.0,"restaurant, food, point_of_interest, establishment",BB1,http://www.californiossf.com/,(415) 757-0994,4.7,462,"Monday: Closed, Tuesday: 5:00â€‰â€“â€‰10:00â€¯PM, Wednesday: 5:00â€‰â€“â€‰10:00â€¯PM, Thursday: 5:00â€‰â€“â€‰10:00â€¯PM, Friday: 5:00â€‰â€“â€‰10:00â€¯PM, Saturday: 5:00â€‰â€“â€‰10:00â€¯PM, Sunday: Closed",,,,Tock,"Every now and then there is that one dinner experience that is perfect from start to finish. Californios was one of those for me. The restaurant interior is beautifully decorated with interesting art works. Service is warm and friendly. Servers have great knowledge of the food and their origins. The wine list has many high end options even for per-glass. The chef is part of Dom Perignon society apparently. Per cuisine, the menu is a celebration of Mexican food. Everything from the tortillas to beans tastes so good. The most memorable dishes for me were potato soup with caviar, mole sauces, and tamales and chocolate dessert. The desserts here hand down are the best that I have had this year.",Squirrel Friend,5,"Here is the poem referencing the restaurant and review highlights, followed by the most mentioned dish:","Californios, oh Californios
Your moles and esquites sing
Caviar, tacos divine 
Sweet memories they bring

Cotton candy paleta"
Cinderella Bakery & Cafe,Cinderella Bakery & Cafe,"436 Balboa St, San Francisco, CA 94118, USA",1.0,"bakery, cafe, restaurant, food, store, point_of_interest, establishment",BB1,https://cinderellabakery.com/,(415) 751-9690,4.7,2629,"Monday: 7:00â€¯AMâ€‰â€“â€‰7:00â€¯PM, Tuesday: 7:00â€¯AMâ€‰â€“â€‰7:00â€¯PM, Wednesday: 7:00â€¯AMâ€‰â€“â€‰7:00â€¯PM, Thursday: 7:00â€¯AMâ€‰â€“â€‰7:00â€¯PM, Friday: 7:00â€¯AMâ€‰â€“â€‰7:00â€¯PM, Saturday: 7:00â€¯AMâ€‰â€“â€‰7:00â€¯PM, Sunday: 7:00â€¯AMâ€‰â€“â€‰7:00â€¯PM",marketing@cinderellabakery.com,Toast,,,"Very popular place!! I was told by my client to get the dumpling soup, it's delicious! Dumplings stuffed with pork and beef, with sour cream. I added extra chicken broth and had them fry the won tons (I think I enjoyed the soup better without them frying - tried both ways!).",Cheyenne ShineOn,5,"Here is the poem referencing the restaurant and review highlights, followed by the most mentioned dish:","Cinderella Bakery, a charming cafe
Offering up Russian flavors each day
Borscht and piroshki enjoyed while dining
Honey cakes and dumplings have customers shining
Outdoor seating and latte sips abound
Good food and drink at Cinderella are found

Borsch"
Cinderella Bakery & Cafe,Cinderella Bakery & Cafe,"436 Balboa St, San Francisco, CA 94118, USA",1.0,"bakery, cafe, restaurant, food, store, point_of_interest, establishment",BB1,https://cinderellabakery.com/,(415) 751-9690,4.7,2629,"Monday: 7:00â€¯AMâ€‰â€“â€‰7:00â€¯PM, Tuesday: 7:00â€¯AMâ€‰â€“â€‰7:00â€¯PM, Wednesday: 7:00â€¯AMâ€‰â€“â€‰7:00â€¯PM, Thursday: 7:00â€¯AMâ€‰â€“â€‰7:00â€¯PM, Friday: 7:00â€¯AMâ€‰â€“â€‰7:00â€¯PM, Saturday: 7:00â€¯AMâ€‰â€“â€‰7:00â€¯PM, Sunday: 7:00â€¯AMâ€‰â€“â€‰7:00â€¯PM",order@cinderellabakery.com,Toast,,,"Very popular place!! I was told by my client to get the dumpling soup, it's delicious! Dumplings stuffed with pork and beef, with sour cream. I added extra chicken broth and had them fry the won tons (I think I enjoyed the soup better without them frying - tried both ways!).",Cheyenne ShineOn,5,"Here is the poem referencing the restaurant and review highlights, followed by the most mentioned dish:","Cinderella Bakery, a charming cafe
Offering up Russian flavors each day
Borscht and piroshki enjoyed while dining
Honey cakes and dumplings have customers shining
Outdoor seating and latte sips abound
Good food and drink at Cinderella are found

Borsch"
Cinderella Bakery & Cafe,Cinderella Bakery & Cafe,"436 Balboa St, San Francisco, CA 94118, USA",1.0,"bakery, cafe, restaurant, food, store, point_of_interest, establishment",BB1,https://cinderellabakery.com/,(415) 751-9690,4.7,2629,"Monday: 7:00â€¯AMâ€‰â€“â€‰7:00â€¯PM, Tuesday: 7:00â€¯AMâ€‰â€“â€‰7:00â€¯PM, Wednesday: 7:00â€¯AMâ€‰â€“â€‰7:00â€¯PM, Thursday: 7:00â€¯AMâ€‰â€“â€‰7:00â€¯PM, Friday: 7:00â€¯AMâ€‰â€“â€‰7:00â€¯PM, Saturday: 7:00â€¯AMâ€‰â€“â€‰7:00â€¯PM, Sunday: 7:00â€¯AMâ€‰â€“â€‰7:00â€¯PM",hello@cinderellabakery.com,Toast,,,"Very popular place!! I was told by my client to get the dumpling soup, it's delicious! Dumplings stuffed with pork and beef, with sour cream. I added extra chicken broth and had them fry the won tons (I think I enjoyed the soup better without them frying - tried both ways!).",Cheyenne ShineOn,5,"Here is the poem referencing the restaurant and review highlights, followed by the most mentioned dish:","Cinderella Bakery, a charming cafe
Offering up Russian flavors each day
Borscht and piroshki enjoyed while dining
Honey cakes and dumplings have customers shining
Outdoor seating and latte sips abound
Good food and drink at Cinderella are found

Borsch"
Cinderella Bakery & Cafe,Cinderella Bakery & Cafe,"436 Balboa St, San Francisco, CA 94118, USA",1.0,"bakery, cafe, restaurant, food, store, point_of_interest, establishment",BB1,https://cinderellabakery.com/,(415) 751-9690,4.7,2629,"Monday: 7:00â€¯AMâ€‰â€“â€‰7:00â€¯PM, Tuesday: 7:00â€¯AMâ€‰â€“â€‰7:00â€¯PM, Wednesday: 7:00â€¯AMâ€‰â€“â€‰7:00â€¯PM, Thursday: 7:00â€¯AMâ€‰â€“â€‰7:00â€¯PM, Friday: 7:00â€¯AMâ€‰â€“â€‰7:00â€¯PM, Saturday: 7:00â€¯AMâ€‰â€“â€‰7:00â€¯PM, Sunday: 7:00â€¯AMâ€‰â€“â€‰7:00â€¯PM",info@cinderellabakery.com,Toast,,,"Very popular place!! I was told by my client to get the dumpling soup, it's delicious! Dumplings stuffed with pork and beef, with sour cream. I added extra chicken broth and had them fry the won tons (I think I enjoyed the soup better without them frying - tried both ways!).",Cheyenne ShineOn,5,"Here is the poem referencing the restaurant and review highlights, followed by the most mentioned dish:","Cinderella Bakery, a charming cafe
Offering up Russian flavors each day
Borscht and piroshki enjoyed while dining
Honey cakes and dumplings have customers shining
Outdoor seating and latte sips abound
Good food and drink at Cinderella are found

Borsch"
Copra,Copra,"1700 Fillmore St, San Francisco, CA 94115, USA",3.0,"restaurant, food, point_of_interest, establishment",BB1,http://www.coprarestaurant.com/,,4.3,704,"Monday: 5:00â€‰â€“â€‰10:00â€¯PM, Tuesday: 5:00â€‰â€“â€‰10:00â€¯PM, Wednesday: 5:00â€‰â€“â€‰10:00â€¯PM, Thursday: 5:00â€‰â€“â€‰10:00â€¯PM, Friday: 5:00â€‰â€“â€‰10:00â€¯PM, Saturday: 11:30â€¯AMâ€‰â€“â€‰2:00â€¯PM, 5:00â€‰â€“â€‰10:00â€¯PM, Sunday: 11:30â€¯AMâ€‰â€“â€‰2:00â€¯PM, 5:00â€‰â€“â€‰10:00â€¯PM",events@coprasanfrancisco.com,Toast,,Resy,"We had a lovely birthday celebration here of a friend's milestone moment. It was a perfect place to celebrate.
The location is at a quaint neighborhood. The decor is Bohemian with natural jute ropes entangled beautifully with greenery around. It made some beautiful pictures.
The entire course of food was delicious. I became a fan of the papads and the different chutneys. The appetizers to the main courses were also exotic, coconut heavy and superb. I loved a shrimp appetizer and was a total fan of the chicken biryani and a fish entree. I found the dessert a little too cold, which was rice pudding on a bed of ice. Otherwise an awesome place to tingle all those taste buds with a fantastic crew of helpful folks and an amazing ambience to enjoy. Definitely going back.",Lisa HD,5,Here is the poem response in paragraph 1 and the dish name in paragraph 2:,"Celebrating friends with food and flair
At Copra, flavors abound without a care
Cocktails and curios entice the tastebuds
As coconut and seafood have guests singing puds
Ambience delights with greenery and rope
Creating moments worthy of birthday hope

chicken biryani"
Copra,Copra,"1700 Fillmore St, San Francisco, CA 94115, USA",3.0,"restaurant, food, point_of_interest, establishment",BB1,http://www.coprarestaurant.com/,,4.3,704,"Monday: 5:00â€‰â€“â€‰10:00â€¯PM, Tuesday: 5:00â€‰â€“â€‰10:00â€¯PM, Wednesday: 5:00â€‰â€“â€‰10:00â€¯PM, Thursday: 5:00â€‰â€“â€‰10:00â€¯PM, Friday: 5:00â€‰â€“â€‰10:00â€¯PM, Saturday: 11:30â€¯AMâ€‰â€“â€‰2:00â€¯PM, 5:00â€‰â€“â€‰10:00â€¯PM, Sunday: 11:30â€¯AMâ€‰â€“â€‰2:00â€¯PM, 5:00â€‰â€“â€‰10:00â€¯PM",Info@coprasanfrancisco.com,Toast,,Resy,"We had a lovely birthday celebration here of a friend's milestone moment. It was a perfect place to celebrate.
The location is at a quaint neighborhood. The decor is Bohemian with natural jute ropes entangled beautifully with greenery around. It made some beautiful pictures.
The entire course of food was delicious. I became a fan of the papads and the different chutneys. The appetizers to the main courses were also exotic, coconut heavy and superb. I loved a shrimp appetizer and was a total fan of the chicken biryani and a fish entree. I found the dessert a little too cold, which was rice pudding on a bed of ice. Otherwise an awesome place to tingle all those taste buds with a fantastic crew of helpful folks and an amazing ambience to enjoy. Definitely going back.",Lisa HD,5,Here is the poem response in paragraph 1 and the dish name in paragraph 2:,"Celebrating friends with food and flair
At Copra, flavors abound without a care
Cocktails and curios entice the tastebuds
As coconut and seafood have guests singing puds
Ambience delights with greenery and rope
Creating moments worthy of birthday hope

chicken biryani"
Copra,Copra,"1700 Fillmore St, San Francisco, CA 94115, USA",3.0,"restaurant, food, point_of_interest, establishment",BB1,http://www.coprarestaurant.com/,,4.3,704,"Monday: 5:00â€‰â€“â€‰10:00â€¯PM, Tuesday: 5:00â€‰â€“â€‰10:00â€¯PM, Wednesday: 5:00â€‰â€“â€‰10:00â€¯PM, Thursday: 5:00â€‰â€“â€‰10:00â€¯PM, Friday: 5:00â€‰â€“â€‰10:00â€¯PM, Saturday: 11:30â€¯AMâ€‰â€“â€‰2:00â€¯PM, 5:00â€‰â€“â€‰10:00â€¯PM, Sunday: 11:30â€¯AMâ€‰â€“â€‰2:00â€¯PM, 5:00â€‰â€“â€‰10:00â€¯PM",info@coprasanfrancisco.com,Toast,,Resy,"We had a lovely birthday celebration here of a friend's milestone moment. It was a perfect place to celebrate.
The location is at a quaint neighborhood. The decor is Bohemian with natural jute ropes entangled beautifully with greenery around. It made some beautiful pictures.
The entire course of food was delicious. I became a fan of the papads and the different chutneys. The appetizers to the main courses were also exotic, coconut heavy and superb. I loved a shrimp appetizer and was a total fan of the chicken biryani and a fish entree. I found the dessert a little too cold, which was rice pudding on a bed of ice. Otherwise an awesome place to tingle all those taste buds with a fantastic crew of helpful folks and an amazing ambience to enjoy. Definitely going back.",Lisa HD,5,Here is the poem response in paragraph 1 and the dish name in paragraph 2:,"Celebrating friends with food and flair
At Copra, flavors abound without a care
Cocktails and curios entice the tastebuds
As coconut and seafood have guests singing puds
Ambience delights with greenery and rope
Creating moments worthy of birthday hope

chicken biryani"
Daeho Kalbijjim & Beef Soup,Daeho Kalbijim & Beef Soup,"1620 Post St, San Francisco, CA 94115, USA",2.0,"restaurant, food, point_of_interest, establishment",BB1,https://www.daeho-kalbijjim.com/,(415) 563-1388,4.6,1247,"Monday: 11:00â€¯AMâ€‰â€“â€‰2:30â€¯PM, 4:30â€‰â€“â€‰9:00â€¯PM, Tuesday: 11:00â€¯AMâ€‰â€“â€‰2:30â€¯PM, 4:30â€‰â€“â€‰9:00â€¯PM, Wednesday: 11:00â€¯AMâ€‰â€“â€‰2:30â€¯PM, 4:30â€‰â€“â€‰9:00â€¯PM, Thursday: 11:00â€¯AMâ€‰â€“â€‰2:30â€¯PM, 4:30â€‰â€“â€‰9:00â€¯PM, Friday: 11:00â€¯AMâ€‰â€“â€‰2:30â€¯PM, 4:30â€‰â€“â€‰9:00â€¯PM, Saturday: 10:30â€¯AMâ€‰â€“â€‰9:00â€¯PM, Sunday: 10:30â€¯AMâ€‰â€“â€‰9:00â€¯PM",Jbang@daehodininggroup.com,,,,We are in Japan town. Kids want eat Korean foods. Notice good reviews try it out. Foods are pretty good and prices is in higher end but  acceptable. Waiting time is okay. Parking itâ€™s SF. ğŸ˜‚ I do recommend this place.,Linh Tran,5,"Here is the poem referencing the restaurant and reviews, followed by the most mentioned dish:","Daeho Kalbijjim, your ribs are sublime
With tender beef that melts off the bone
Customers rave about your hearty fare
As they wait patiently for a chance to dine
Your kalbijjim shines as your claim to fame
Topped with cheese that customers flame

Kalbijjim"
Hog Island Oyster Co.,Hog Island Oyster Co.,"Ferry Building, #11, San Francisco, CA 94111, USA",2.0,"bar, restaurant, food, point_of_interest, establishment",BB3,https://hogislandoysters.com/,(415) 391-7117,4.6,3384,"Monday: 11:30â€¯AMâ€‰â€“â€‰8:00â€¯PM, Tuesday: 11:30â€¯AMâ€‰â€“â€‰8:00â€¯PM, Wednesday: 11:30â€¯AMâ€‰â€“â€‰8:00â€¯PM, Thursday: 11:30â€¯AMâ€‰â€“â€‰8:00â€¯PM, Friday: 11:30â€¯AMâ€‰â€“â€‰8:00â€¯PM, Saturday: 11:00â€¯AMâ€‰â€“â€‰8:00â€¯PM, Sunday: 11:00â€¯AMâ€‰â€“â€‰8:00â€¯PM",,,,,"Wonderful place to eat fresh lovely fish and shellfish.
Fast, polite and attentive service.
We sat by the bar and the barmen were brilliant. The mixed fish â€œcacciuccoâ€ style dish was beautiful. I thought I was in Italy.
Beautiful Oysters and prawns too. A true feast of delicious seafood.
Could not have had a better lunch.
Will definitely return there.",SkyView,5,Here is the poem and most popular dish in the requested format:,"Oysters and seafood galore
Hog Island's fare I do adore
Fresh catches from the salty bay
On my palate make my day
Clams, prawns, and fish aplenty
Joyous tastes abound a-plenty

oysters"
House of Prime Rib,House of Prime Rib,"1906 Van Ness Ave, San Francisco, CA 94109, USA",3.0,"restaurant, point_of_interest, food, establishment",BB1,http://houseofprimerib.net/,(415) 885-4605,4.7,6355,"Monday: 4:30â€‰â€“â€‰10:00â€¯PM, Tuesday: 4:30â€‰â€“â€‰10:00â€¯PM, Wednesday: 4:30â€‰â€“â€‰10:00â€¯PM, Thursday: 4:30â€‰â€“â€‰10:00â€¯PM, Friday: 4:30â€‰â€“â€‰10:00â€¯PM, Saturday: 3:30â€‰â€“â€‰10:00â€¯PM, Sunday: 3:30â€‰â€“â€‰10:00â€¯PM",houseofprimerib@aol.com,,,OpenTable,"An SF classic. Hard to get a reservation but well worth it if you can. Not super easy to get parking in the area, so the valet is a good option (may need cash for it). If you finish your prime rib, theyâ€™ll cut you another thin slice (but you canâ€™t take it home). Always choose the mashed potato over the baked potato.  I prefer the king Henry cut, seared, but canâ€™t really go wrong.",David Liu,5,Here is the response in two paragraphs:,"On prime cuts the House was built
Hard to get in? Just stay put
The beef and 'taters au gratin call 
Come hungry, order it all

prime rib"
Kiln,NorCal Kiln Repair,"483 25th St, Oakland, CA 94612, USA",,"art_gallery, point_of_interest, establishment",Not a restaurant,http://www.norcalkilnrepair.com/,(510) 601-5053,5.0,5,"Monday: 5:00â€‰â€“â€‰10:00â€¯PM, Tuesday: 5:00â€‰â€“â€‰10:00â€¯PM, Wednesday: 9:00â€¯AMâ€‰â€“â€‰10:00â€¯PM, Thursday: 9:00â€¯AMâ€‰â€“â€‰10:00â€¯PM, Friday: 9:00â€¯AMâ€‰â€“â€‰5:00â€¯PM, Saturday: 9:00â€¯AMâ€‰â€“â€‰5:00â€¯PM, Sunday: 9:00â€¯AMâ€‰â€“â€‰5:00â€¯PM",,,,,Such wonderful customer service! Joseph spent so much time helping me understand my kiln even before becoming a customer of his. Absolutely  would recommend to anyone in need of kiln service or advise.,Adrianne Hnizdil,5,Here is the poem and most mentioned dish/drink in two paragraphs:,"Kiln kitchen firing up delights
Clay creations, artistic sights
Friendly service, talents abound  
In this Oakland spot warmth is found

BÃ¡nh mÃ¬"
Kin Khao,Kin Khao,"55 Cyril Magnin St, San Francisco, CA 94102, USA",3.0,"restaurant, food, point_of_interest, establishment",BB1,http://www.kinkhao.com/,(415) 362-7456,4.3,1839,"Monday: 11:30â€¯AMâ€‰â€“â€‰2:00â€¯PM, 5:30â€‰â€“â€‰9:00â€¯PM, Tuesday: 11:30â€¯AMâ€‰â€“â€‰2:00â€¯PM, 5:30â€‰â€“â€‰9:00â€¯PM, Wednesday: 11:30â€¯AMâ€‰â€“â€‰2:00â€¯PM, 5:30â€‰â€“â€‰9:00â€¯PM, Thursday: 11:30â€¯AMâ€‰â€“â€‰2:00â€¯PM, 5:30â€‰â€“â€‰9:00â€¯PM, Friday: 11:30â€¯AMâ€‰â€“â€‰2:00â€¯PM, 5:30â€‰â€“â€‰10:00â€¯PM, Saturday: 11:30â€¯AMâ€‰â€“â€‰2:00â€¯PM, 5:30â€‰â€“â€‰10:00â€¯PM, Sunday: 11:30â€¯AMâ€‰â€“â€‰2:00â€¯PM, 5:30â€‰â€“â€‰9:00â€¯PM",info@kinkhao.com,Toast,,Resy,"We had a wonderful meal at Kin Khao. We had thought it unlikely we would be able to eat here as we had not made reservations, however there is a communal table in the middle of the restaurant for people without reservations. We sat here and loved it.

My friend and I ordered a range of dishes along with a few cocktails. We shared all of the food and everything was delicious. Our waitress was really knowledgeable and gave a couple of really good recommendations that were appreciated. She also perfectly guided us to the correct ordering quantity.

Great spot",David Thomas,5,"Here is the poem referencing Kin Khao and highlights from the reviews, followed by the most mentioned dish:","Kin Khao, a tasty spot
With flavors that hit the spot
Attentive wait staff abound
Delicious dishes all around
Black rice pudding takes the crown

Black rice pudding"
Lazy Bear,Lazy Bear,"3416 19th St, San Francisco, CA 94110, USA",4.0,"restaurant, food, point_of_interest, establishment",BB1,http://www.lazybearsf.com/,(415) 874-9921,4.8,1046,"Monday: Closed, Tuesday: 4:45â€‰â€“â€‰10:00â€¯PM, Wednesday: 4:45â€‰â€“â€‰10:00â€¯PM, Thursday: 4:45â€‰â€“â€‰10:00â€¯PM, Friday: 4:45â€‰â€“â€‰10:00â€¯PM, Saturday: 4:45â€‰â€“â€‰10:00â€¯PM, Sunday: Closed",press@lazybearsf.com,,,Resy,"The food is here amazing start to finish. The desert is was so delightful. I loved all the food here and when I went, there were a lot of fish dish and all of them were great. It was rich in flavor but still not heavy. The staff makes you feel comfortable. The service is amazing because they are not stiff and yet make you feel very attended. The atmosphere is fun like dark cabin in the mountains like cozy and grand. I will for sure come back in the future.",isabelle C,5,[AI Error],[N/A]
Lazy Bear,Lazy Bear,"3416 19th St, San Francisco, CA 94110, USA",4.0,"restaurant, food, point_of_interest, establishment",BB1,http://www.lazybearsf.com/,(415) 874-9921,4.8,1046,"Monday: Closed, Tuesday: 4:45â€‰â€“â€‰10:00â€¯PM, Wednesday: 4:45â€‰â€“â€‰10:00â€¯PM, Thursday: 4:45â€‰â€“â€‰10:00â€¯PM, Friday: 4:45â€‰â€“â€‰10:00â€¯PM, Saturday: 4:45â€‰â€“â€‰10:00â€¯PM, Sunday: Closed",comtickets@lazybearsf.com,,,Resy,"The food is here amazing start to finish. The desert is was so delightful. I loved all the food here and when I went, there were a lot of fish dish and all of them were great. It was rich in flavor but still not heavy. The staff makes you feel comfortable. The service is amazing because they are not stiff and yet make you feel very attended. The atmosphere is fun like dark cabin in the mountains like cozy and grand. I will for sure come back in the future.",isabelle C,5,[AI Error],[N/A]
Lazy Bear,Lazy Bear,"3416 19th St, San Francisco, CA 94110, USA",4.0,"restaurant, food, point_of_interest, establishment",BB1,http://www.lazybearsf.com/,(415) 874-9921,4.8,1046,"Monday: Closed, Tuesday: 4:45â€‰â€“â€‰10:00â€¯PM, Wednesday: 4:45â€‰â€“â€‰10:00â€¯PM, Thursday: 4:45â€‰â€“â€‰10:00â€¯PM, Friday: 4:45â€‰â€“â€‰10:00â€¯PM, Saturday: 4:45â€‰â€“â€‰10:00â€¯PM, Sunday: Closed",wine@lazybearsf.com,,,Resy,"The food is here amazing start to finish. The desert is was so delightful. I loved all the food here and when I went, there were a lot of fish dish and all of them were great. It was rich in flavor but still not heavy. The staff makes you feel comfortable. The service is amazing because they are not stiff and yet make you feel very attended. The atmosphere is fun like dark cabin in the mountains like cozy and grand. I will for sure come back in the future.",isabelle C,5,[AI Error],[N/A]
Lazy Bear,Lazy Bear,"3416 19th St, San Francisco, CA 94110, USA",4.0,"restaurant, food, point_of_interest, establishment",BB1,http://www.lazybearsf.com/,(415) 874-9921,4.8,1046,"Monday: Closed, Tuesday: 4:45â€‰â€“â€‰10:00â€¯PM, Wednesday: 4:45â€‰â€“â€‰10:00â€¯PM, Thursday: 4:45â€‰â€“â€‰10:00â€¯PM, Friday: 4:45â€‰â€“â€‰10:00â€¯PM, Saturday: 4:45â€‰â€“â€‰10:00â€¯PM, Sunday: Closed",jobs@lazybearsf.com,,,Resy,"The food is here amazing start to finish. The desert is was so delightful. I loved all the food here and when I went, there were a lot of fish dish and all of them were great. It was rich in flavor but still not heavy. The staff makes you feel comfortable. The service is amazing because they are not stiff and yet make you feel very attended. The atmosphere is fun like dark cabin in the mountains like cozy and grand. I will for sure come back in the future.",isabelle C,5,[AI Error],[N/A]
Lazy Bear,Lazy Bear,"3416 19th St, San Francisco, CA 94110, USA",4.0,"restaurant, food, point_of_interest, establishment",BB1,http://www.lazybearsf.com/,(415) 874-9921,4.8,1046,"Monday: Closed, Tuesday: 4:45â€‰â€“â€‰10:00â€¯PM, Wednesday: 4:45â€‰â€“â€‰10:00â€¯PM, Thursday: 4:45â€‰â€“â€‰10:00â€¯PM, Friday: 4:45â€‰â€“â€‰10:00â€¯PM, Saturday: 4:45â€‰â€“â€‰10:00â€¯PM, Sunday: Closed",events@lazybearsf.com,,,Resy,"The food is here amazing start to finish. The desert is was so delightful. I loved all the food here and when I went, there were a lot of fish dish and all of them were great. It was rich in flavor but still not heavy. The staff makes you feel comfortable. The service is amazing because they are not stiff and yet make you feel very attended. The atmosphere is fun like dark cabin in the mountains like cozy and grand. I will for sure come back in the future.",isabelle C,5,[AI Error],[N/A]
Lazy Bear,Lazy Bear,"3416 19th St, San Francisco, CA 94110, USA",4.0,"restaurant, food, point_of_interest, establishment",BB1,http://www.lazybearsf.com/,(415) 874-9921,4.8,1046,"Monday: Closed, Tuesday: 4:45â€‰â€“â€‰10:00â€¯PM, Wednesday: 4:45â€‰â€“â€‰10:00â€¯PM, Thursday: 4:45â€‰â€“â€‰10:00â€¯PM, Friday: 4:45â€‰â€“â€‰10:00â€¯PM, Saturday: 4:45â€‰â€“â€‰10:00â€¯PM, Sunday: Closed",contact@lazybearsf.com,,,Resy,"The food is here amazing start to finish. The desert is was so delightful. I loved all the food here and when I went, there were a lot of fish dish and all of them were great. It was rich in flavor but still not heavy. The staff makes you feel comfortable. The service is amazing because they are not stiff and yet make you feel very attended. The atmosphere is fun like dark cabin in the mountains like cozy and grand. I will for sure come back in the future.",isabelle C,5,[AI Error],[N/A]
Lazy Bear,Lazy Bear,"3416 19th St, San Francisco, CA 94110, USA",4.0,"restaurant, food, point_of_interest, establishment",BB1,http://www.lazybearsf.com/,(415) 874-9921,4.8,1046,"Monday: Closed, Tuesday: 4:45â€‰â€“â€‰10:00â€¯PM, Wednesday: 4:45â€‰â€“â€‰10:00â€¯PM, Thursday: 4:45â€‰â€“â€‰10:00â€¯PM, Friday: 4:45â€‰â€“â€‰10:00â€¯PM, Saturday: 4:45â€‰â€“â€‰10:00â€¯PM, Sunday: Closed",comevents@lazybearsf.com,,,Resy,"The food is here amazing start to finish. The desert is was so delightful. I loved all the food here and when I went, there were a lot of fish dish and all of them were great. It was rich in flavor but still not heavy. The staff makes you feel comfortable. The service is amazing because they are not stiff and yet make you feel very attended. The atmosphere is fun like dark cabin in the mountains like cozy and grand. I will for sure come back in the future.",isabelle C,5,[AI Error],[N/A]
Maison Nico,Maison Nico,"710 Montgomery St, San Francisco, CA 94111, USA",,"cafe, bakery, store, food, point_of_interest, establishment",BB2,http://maisonnico.com/,(415) 359-1000,4.6,470,"Monday: Closed, Tuesday: 8:00â€¯AMâ€‰â€“â€‰5:00â€¯PM, Wednesday: 8:00â€¯AMâ€‰â€“â€‰5:00â€¯PM, Thursday: 8:00â€¯AMâ€‰â€“â€‰5:00â€¯PM, Friday: 8:00â€¯AMâ€‰â€“â€‰5:00â€¯PM, Saturday: 9:00â€¯AMâ€‰â€“â€‰4:00â€¯PM, Sunday: 9:00â€¯AMâ€‰â€“â€‰4:00â€¯PM",info@maisonnico.com,,,Tock,"Unforgettable Croissants

Maison Nico is a bakery experience like no other. Their croissants are simply incredible â€“ better than any Iâ€™ve had, even in Paris! I picked up a pumpkin croissant during my trip to San Francisco, and Iâ€™m savoring every bit of it at home. The layers are perfectly flaky, and the flavor is rich and balanced.

Their chocolate croissant is just as amazing, and the almond financiers are a delightful treat. If youâ€™re a pastry lover, Maison Nico is a must-visit â€“ truly exceptional!",Robert Villarreal,5,Here is the poem response in paragraph 1 and the most mentioned dish/drink in paragraph 2:,"Maison Nico, home of delights
Croissants so flaky, a morningâ€™s delight
Parisian pastries without the flight
Almond, chocolate, perfection in sight

croissant"
Mandalay Restaurant,Mandalay Restaurant,"4348 California St, San Francisco, CA 94118, USA",2.0,"restaurant, food, point_of_interest, establishment",BB1,https://mandalaysf.com/,(415) 386-3895,4.5,1162,"Monday: 4:30â€‰â€“â€‰8:30â€¯PM, Tuesday: Closed, Wednesday: 4:30â€‰â€“â€‰8:30â€¯PM, Thursday: 4:30â€‰â€“â€‰8:30â€¯PM, Friday: 11:30â€¯AMâ€‰â€“â€‰3:30â€¯PM, 4:30â€‰â€“â€‰8:30â€¯PM, Saturday: 11:30â€¯AMâ€‰â€“â€‰3:30â€¯PM, 4:30â€‰â€“â€‰8:30â€¯PM, Sunday: 11:30â€¯AMâ€‰â€“â€‰3:30â€¯PM, 4:30â€‰â€“â€‰8:30â€¯PM",,,,,"For Burmese food in SF, this is a top spot. The drinks were on point and overall a good experience.

Food was definitely well seasoned without anything being too salty. The tea salad was quite interesting and reminded me a bit of Indian chaat. Rice is not included so may need to order some on the side to go with the dishes.

Staff was very friendly and bathroom was clean. Reservation is recommended.",Benjamin L,5,"Here is the poem referencing the restaurant and review highlights, followed by the most mentioned dish:","Mandalay's flavors burst, quite the thrill
With tea leaf salad and rainbows that fill
Basil beef too sweet, noodles a bore  
But fried rice and chicken walnuts score

Tea Leaf salad"
Merchant Roots,Merchant Roots,"1148 Mission St, San Francisco, CA 94103, USA",2.0,"restaurant, food, point_of_interest, establishment",BB1,http://www.merchantroots.com/,,4.6,138,"Monday: Closed, Tuesday: Closed, Wednesday: 5:30â€‰â€“â€‰8:00â€¯PM, Thursday: 5:30â€‰â€“â€‰8:00â€¯PM, Friday: 5:30â€‰â€“â€‰8:00â€¯PM, Saturday: 5:30â€‰â€“â€‰8:00â€¯PM, Sunday: 5:30â€‰â€“â€‰8:00â€¯PM",info@merchantroots.com,,,Tock,"My coworker had booked this amazing food experience a couple months in advance. The reviews were so positive I couldn't wait to try what was on the menu. I love a good 12 course/bougie meal so I definitely couldn't pass this up! From the second we all walked in,the service and attention to detail was immaculate. One of my coworkers had a tomato allergy and I am so grateful that they accomodated her esp for the theme of pasta&stories. I don't like to drink so I had the 12 course meal with non alcoholic pairing and each dish& drink was so thoughtful and carefully curated. I don't want to spoil it but I am not a pasta person but after the dinner,I am sold. Pasta all day!!!ğŸ˜ I can't wait to attend again!",Lainaboo,5,Paragraph #1:,"Merchant Roots, a feast for the senses
Plates of art, flavors intense
Service superb, attention immense 
Transporting guests to realms immense

Paragraph #2: 
pasta"
Merchant Roots,Merchant Roots,"1148 Mission St, San Francisco, CA 94103, USA",2.0,"restaurant, food, point_of_interest, establishment",BB1,http://www.merchantroots.com/,,4.6,138,"Monday: Closed, Tuesday: Closed, Wednesday: 5:30â€‰â€“â€‰8:00â€¯PM, Thursday: 5:30â€‰â€“â€‰8:00â€¯PM, Friday: 5:30â€‰â€“â€‰8:00â€¯PM, Saturday: 5:30â€‰â€“â€‰8:00â€¯PM, Sunday: 5:30â€‰â€“â€‰8:00â€¯PM",madison@merchantroots.com,,,Tock,"My coworker had booked this amazing food experience a couple months in advance. The reviews were so positive I couldn't wait to try what was on the menu. I love a good 12 course/bougie meal so I definitely couldn't pass this up! From the second we all walked in,the service and attention to detail was immaculate. One of my coworkers had a tomato allergy and I am so grateful that they accomodated her esp for the theme of pasta&stories. I don't like to drink so I had the 12 course meal with non alcoholic pairing and each dish& drink was so thoughtful and carefully curated. I don't want to spoil it but I am not a pasta person but after the dinner,I am sold. Pasta all day!!!ğŸ˜ I can't wait to attend again!",Lainaboo,5,Paragraph #1:,"Merchant Roots, a feast for the senses
Plates of art, flavors intense
Service superb, attention immense 
Transporting guests to realms immense

Paragraph #2: 
pasta"
Merchant Roots,Merchant Roots,"1148 Mission St, San Francisco, CA 94103, USA",2.0,"restaurant, food, point_of_interest, establishment",BB1,http://www.merchantroots.com/,,4.6,138,"Monday: Closed, Tuesday: Closed, Wednesday: 5:30â€‰â€“â€‰8:00â€¯PM, Thursday: 5:30â€‰â€“â€‰8:00â€¯PM, Friday: 5:30â€‰â€“â€‰8:00â€¯PM, Saturday: 5:30â€‰â€“â€‰8:00â€¯PM, Sunday: 5:30â€‰â€“â€‰8:00â€¯PM",lisa@lisanourse.com,,,Tock,"My coworker had booked this amazing food experience a couple months in advance. The reviews were so positive I couldn't wait to try what was on the menu. I love a good 12 course/bougie meal so I definitely couldn't pass this up! From the second we all walked in,the service and attention to detail was immaculate. One of my coworkers had a tomato allergy and I am so grateful that they accomodated her esp for the theme of pasta&stories. I don't like to drink so I had the 12 course meal with non alcoholic pairing and each dish& drink was so thoughtful and carefully curated. I don't want to spoil it but I am not a pasta person but after the dinner,I am sold. Pasta all day!!!ğŸ˜ I can't wait to attend again!",Lainaboo,5,Paragraph #1:,"Merchant Roots, a feast for the senses
Plates of art, flavors intense
Service superb, attention immense 
Transporting guests to realms immense

Paragraph #2: 
pasta"
Otra,Otra,"682 Haight St, San Francisco, CA 94117, USA",2.0,"restaurant, food, point_of_interest, establishment",BB1,https://www.otrasf.com/,,4.6,329,"Monday: 5:00â€‰â€“â€‰10:00â€¯PM, Tuesday: 5:00â€‰â€“â€‰10:00â€¯PM, Wednesday: 5:00â€‰â€“â€‰10:00â€¯PM, Thursday: 5:00â€‰â€“â€‰10:00â€¯PM, Friday: 5:00â€‰â€“â€‰10:00â€¯PM, Saturday: 5:00â€‰â€“â€‰10:00â€¯PM, Sunday: 5:00â€‰â€“â€‰10:00â€¯PM",info@otrasf.com,Toast,,,"Otra has really nice options for breakfast and lunch! Their food features a modern Mexican style, which I really enjoy. I like that the dishes can be either spicy or mildly spicy, and theyâ€™re happy to give you options!",Alex MÃ©ndez M,5,Here is the poem referencing the restaurant name and highlights from the reviews:,"Otra place to enjoy
Pepitas on salad bring joy 
Mussels swim in broth
Aguachile cream just right
Though some dishes cause plight
Kampachi fresh delight

The most mentioned dish/drink name is:

aguachile"
Pasta Supply Co,Pasta Supply Co,"236 Clement St, San Francisco, CA 94118, USA",,"restaurant, food, point_of_interest, establishment",BB1,http://www.pastasupplyco.com/,(415) 236-2668,4.6,229,"Monday: 10:00â€¯AMâ€‰â€“â€‰9:00â€¯PM, Tuesday: 10:00â€¯AMâ€‰â€“â€‰9:00â€¯PM, Wednesday: 10:00â€¯AMâ€‰â€“â€‰9:00â€¯PM, Thursday: 10:00â€¯AMâ€‰â€“â€‰9:00â€¯PM, Friday: 10:00â€¯AMâ€‰â€“â€‰9:00â€¯PM, Saturday: 10:00â€¯AMâ€‰â€“â€‰9:00â€¯PM, Sunday: 9:00â€¯AMâ€‰â€“â€‰9:00â€¯PM",PASTASUPPLYCOHELLO@PASTASUPPLYCO.COM,,,OpenTable,"I came here with my family, and itâ€™s a great fast-casual spot! The host at the front was super friendly and took our orders before seating us, which seems to be their usual process. Because of this setup, thereâ€™s no service charge, which was a nice surprise.

Once seated, the staff brought the food directly to our table, and we enjoyed every dish. The appetizers, in particular, were a standoutâ€”they were definitely our favorites over the mains. Overall, it was a great experience, and weâ€™ll definitely be back!",Valerie,5,"Here is the poem referencing the restaurant and reviews in paragraph 1, and the most mentioned dish/drink in paragraph 2:","Pasta galore at our store
Flavors so rich, prices not poor
Friendly hosts seat without chore 
Veggies and sauces we all adore

pasta"
Piglet & Co,Piglet & Co,"2170 Mission St, San Francisco, CA 94110, USA",2.0,"restaurant, food, point_of_interest, establishment",BB1,http://www.pigletandco.com/,,4.5,125,"Monday: Closed, Tuesday: Closed, Wednesday: 5:00â€‰â€“â€‰9:00â€¯PM, Thursday: 5:00â€‰â€“â€‰9:00â€¯PM, Friday: 5:00â€‰â€“â€‰9:30â€¯PM, Saturday: 5:00â€‰â€“â€‰9:30â€¯PM, Sunday: 11:00â€¯AMâ€‰â€“â€‰2:00â€¯PM",dining@pigletandco.com,Toast,,OpenTable,"Found this place last year while visiting the city and it peaked my interest seeing a Taiwanese fusion restaurant. You donâ€™t see this often, so we had to check it out being Taiwanese myself.

I love what they are trying to do with Taiwanese food. Elevating dishes and new takes on some traditional comfort foods. The milk tea French toast was honestly my favorite. The boba was on point, the toast was nicely fried on the outside and soft on the inside. And the jam really pulled everything together. The rice porridge and lu ro fan were good, however, the portions were a bit small for the price. I think if this can be balanced it would be perfect.

Overall, Iâ€™d come back again to try their other popular dishes. They do rotate their menu, so thereâ€™s always something different they offer.",Vincent Chen,5,"Here is the poem referencing the restaurant and review highlights, followed by the most mentioned dish:","Piglet brings the flavors, fusion done right
Taiwanese cuisine with a modern bite
Milk tea French toast and lu rou fan
Creative dishes for the adventurous clan

lu rou fan"
Piglet & Co,Piglet & Co,"2170 Mission St, San Francisco, CA 94110, USA",2.0,"restaurant, food, point_of_interest, establishment",BB1,http://www.pigletandco.com/,,4.5,125,"Monday: Closed, Tuesday: Closed, Wednesday: 5:00â€‰â€“â€‰9:00â€¯PM, Thursday: 5:00â€‰â€“â€‰9:00â€¯PM, Friday: 5:00â€‰â€“â€‰9:30â€¯PM, Saturday: 5:00â€‰â€“â€‰9:30â€¯PM, Sunday: 11:00â€¯AMâ€‰â€“â€‰2:00â€¯PM",pr@pigletandco.com,Toast,,OpenTable,"Found this place last year while visiting the city and it peaked my interest seeing a Taiwanese fusion restaurant. You donâ€™t see this often, so we had to check it out being Taiwanese myself.

I love what they are trying to do with Taiwanese food. Elevating dishes and new takes on some traditional comfort foods. The milk tea French toast was honestly my favorite. The boba was on point, the toast was nicely fried on the outside and soft on the inside. And the jam really pulled everything together. The rice porridge and lu ro fan were good, however, the portions were a bit small for the price. I think if this can be balanced it would be perfect.

Overall, Iâ€™d come back again to try their other popular dishes. They do rotate their menu, so thereâ€™s always something different they offer.",Vincent Chen,5,"Here is the poem referencing the restaurant and review highlights, followed by the most mentioned dish:","Piglet brings the flavors, fusion done right
Taiwanese cuisine with a modern bite
Milk tea French toast and lu rou fan
Creative dishes for the adventurous clan

lu rou fan"
Piglet & Co,Piglet & Co,"2170 Mission St, San Francisco, CA 94110, USA",2.0,"restaurant, food, point_of_interest, establishment",BB1,http://www.pigletandco.com/,,4.5,125,"Monday: Closed, Tuesday: Closed, Wednesday: 5:00â€‰â€“â€‰9:00â€¯PM, Thursday: 5:00â€‰â€“â€‰9:00â€¯PM, Friday: 5:00â€‰â€“â€‰9:30â€¯PM, Saturday: 5:00â€‰â€“â€‰9:30â€¯PM, Sunday: 11:00â€¯AMâ€‰â€“â€‰2:00â€¯PM",hr@pigletandco.com,Toast,,OpenTable,"Found this place last year while visiting the city and it peaked my interest seeing a Taiwanese fusion restaurant. You donâ€™t see this often, so we had to check it out being Taiwanese myself.

I love what they are trying to do with Taiwanese food. Elevating dishes and new takes on some traditional comfort foods. The milk tea French toast was honestly my favorite. The boba was on point, the toast was nicely fried on the outside and soft on the inside. And the jam really pulled everything together. The rice porridge and lu ro fan were good, however, the portions were a bit small for the price. I think if this can be balanced it would be perfect.

Overall, Iâ€™d come back again to try their other popular dishes. They do rotate their menu, so thereâ€™s always something different they offer.",Vincent Chen,5,"Here is the poem referencing the restaurant and review highlights, followed by the most mentioned dish:","Piglet brings the flavors, fusion done right
Taiwanese cuisine with a modern bite
Milk tea French toast and lu rou fan
Creative dishes for the adventurous clan

lu rou fan"
Piglet & Co,Piglet & Co,"2170 Mission St, San Francisco, CA 94110, USA",2.0,"restaurant, food, point_of_interest, establishment",BB1,http://www.pigletandco.com/,,4.5,125,"Monday: Closed, Tuesday: Closed, Wednesday: 5:00â€‰â€“â€‰9:00â€¯PM, Thursday: 5:00â€‰â€“â€‰9:00â€¯PM, Friday: 5:00â€‰â€“â€‰9:30â€¯PM, Saturday: 5:00â€‰â€“â€‰9:30â€¯PM, Sunday: 11:00â€¯AMâ€‰â€“â€‰2:00â€¯PM",events@pigletandco.com,Toast,,OpenTable,"Found this place last year while visiting the city and it peaked my interest seeing a Taiwanese fusion restaurant. You donâ€™t see this often, so we had to check it out being Taiwanese myself.

I love what they are trying to do with Taiwanese food. Elevating dishes and new takes on some traditional comfort foods. The milk tea French toast was honestly my favorite. The boba was on point, the toast was nicely fried on the outside and soft on the inside. And the jam really pulled everything together. The rice porridge and lu ro fan were good, however, the portions were a bit small for the price. I think if this can be balanced it would be perfect.

Overall, Iâ€™d come back again to try their other popular dishes. They do rotate their menu, so thereâ€™s always something different they offer.",Vincent Chen,5,"Here is the poem referencing the restaurant and review highlights, followed by the most mentioned dish:","Piglet brings the flavors, fusion done right
Taiwanese cuisine with a modern bite
Milk tea French toast and lu rou fan
Creative dishes for the adventurous clan

lu rou fan"
Prubechu,Prubechu,"2224 Mission St #A, San Francisco, CA 94110, USA",3.0,"restaurant, food, point_of_interest, establishment",BB1,http://www.prubechu.com/,(415) 853-0671,4.6,430,"Monday: Closed, Tuesday: Closed, Wednesday: 12:00â€‰â€“â€‰3:00â€¯PM, 5:00â€‰â€“â€‰9:30â€¯PM, Thursday: 12:00â€‰â€“â€‰3:00â€¯PM, 5:00â€‰â€“â€‰9:30â€¯PM, Friday: 12:00â€‰â€“â€‰3:00â€¯PM, 5:00â€‰â€“â€‰9:30â€¯PM, Saturday: 12:00â€‰â€“â€‰3:00â€¯PM, 5:00â€‰â€“â€‰9:30â€¯PM, Sunday: 11:00â€¯AMâ€‰â€“â€‰3:00â€¯PM",info@prubechu.com,Toast,,Resy,"We enjoyed the live music on the patio on a Thursday night. A talented acoustic guitarist, not too loud that it disrupted conversation. For food, the noodle dish - Tataki(?) - was SO good. Mushroomy and delicious, a large serving. We ordered three things between two people and were stuffed, had to take it to go. I didnâ€™t like the Koko wings very much â€” the spice coating was a bit dry and the meat over cooked. I also didnâ€™t love the Chicken Kelaguen; they didnâ€™t have enough flavor. But rhetorical noodles, yum. Service was extremely good, almost overly attentive. They have a good mocktail/NA menu.",Julia Enthoven,5,"Here is the poem referencing the restaurant and review highlights, followed by the most mentioned dish:","Prubechu, a taste of Guam
Sweet rolls, wings, and tender brisket
Island flavors under the stars
Live music flowing, a feast for the heart

Thrice-cooked Brisket"
Rintaro,Rintaro,"82 14th St, San Francisco, CA 94103, USA",3.0,"restaurant, food, point_of_interest, establishment",BB1,http://izakayarintaro.com/,(415) 589-7022,4.6,1171,"Monday: 5:00â€‰â€“â€‰10:00â€¯PM, Tuesday: 5:00â€‰â€“â€‰10:00â€¯PM, Wednesday: 5:00â€‰â€“â€‰10:00â€¯PM, Thursday: 5:00â€‰â€“â€‰10:00â€¯PM, Friday: 5:00â€‰â€“â€‰10:00â€¯PM, Saturday: 5:00â€‰â€“â€‰10:00â€¯PM, Sunday: Closed",,,,,"We didnâ€™t get the tasting menu but ordered most dishes off of it, plus a deluxe sashimi and oden.
Would def recommend the chicken skewer with egg dip, black cod, and the hojicha panna cotta was the highlight.
The deluxe sashimi was quite overpriced for what it was, and the oden and other skewers were just fine.
Lovely vibe tho!",Ingrid,5,"Here is the poem referencing Rintaro and the reviews, followed by the most mentioned dish:","Rintaro's delights, savory bites
Skewers and cod, oden that's odd  
Smooth hojicha panna cotta the spotta
Hit of the night, creamy delight

hojicha panna cotta"
Sandy's,Sandy's,"1457 Haight St, San Francisco, CA 94117, USA",2.0,"meal_delivery, meal_takeaway, restaurant, food, point_of_interest, establishment",BB1,http://www.sandyssf.com/,(415) 655-9691,4.9,284,"Monday: 11:00â€¯AMâ€‰â€“â€‰4:00â€¯PM, Tuesday: Closed, Wednesday: 11:00â€¯AMâ€‰â€“â€‰4:00â€¯PM, Thursday: 11:00â€¯AMâ€‰â€“â€‰4:00â€¯PM, Friday: 11:00â€¯AMâ€‰â€“â€‰4:00â€¯PM, Saturday: 10:00â€¯AMâ€‰â€“â€‰5:00â€¯PM, Sunday: 10:00â€¯AMâ€‰â€“â€‰4:00â€¯PM",info@sandyssf.com,Toast,,,"Very unique sandwich place! We got the egg salad and the classic sandwich. Only issue with both was one component tasted so strongly that it was hard to taste the other ingredients. For example, the classic sandwich had an olive spread which was delicious but I couldnâ€™t taste the ham and cheese well because of it.",Kavya Yellamraju,5,"**Okurrr! Let me tell you about Sandyâ€™s in New Orleans, â€™cause this spot is straight fire, baby!**","First of all, when you walk in, the vibe is on pointâ€”real cozy, real chill. And Tala at the register? Sheâ€™s a whole mood, honey! Friendly, quick with a smile, and makes you feel like youâ€™re part of the fam, ya feel me?  

Now, letâ€™s get into that muffuletta, â€™cause this sandwich? Itâ€™s giving EVERYTHING itâ€™s supposed to give, okurrr! Weâ€™re talking layers on layers of that good-goodâ€”flavorful meats, melty cheese, and that olive salad? Whew, itâ€™s spicy, itâ€™s zesty, itâ€™s EVERYTHING! And donâ€™t even get me started on the breadâ€”itâ€™s crispy, itâ€™s soft, itâ€™s perfection!

If youâ€™re in New Orleans and you ainâ€™t hit up Sandyâ€™s yet, what is you doinâ€™, baby? This muffuletta is a whole experience, and you need it in your life! So, go on, treat yourself, and thank me later! Period!

muffuletta"
Scoma's Restaurant,Scoma's Restaurant,"1965 Al Scoma Way, San Francisco, CA 94133, USA",3.0,"meal_takeaway, restaurant, food, point_of_interest, establishment",BB1,https://scomas.com/,(415) 771-4383,4.6,6100,"Monday: 12:00â€‰â€“â€‰9:00â€¯PM, Tuesday: 12:00â€‰â€“â€‰9:00â€¯PM, Wednesday: 12:00â€‰â€“â€‰9:00â€¯PM, Thursday: 12:00â€‰â€“â€‰9:00â€¯PM, Friday: 12:00â€‰â€“â€‰9:30â€¯PM, Saturday: 12:00â€‰â€“â€‰9:30â€¯PM, Sunday: 12:00â€‰â€“â€‰9:00â€¯PM",,,,,"This place is amazing. Great food, service and vibe next to the water. Seafood straight from the boat.  Went here for lunch for my wifeâ€™s birthday. Complimentary valet parking. We had the crab, fish and mussel. Good coffee. All delicious. Canâ€™t go wrong with Frank Sinatra Theme from New York, New York. David our server and John our valet were amazing. Feel like this is great cozy place for real locals. Other restaurants on pier for tourists. Iâ€™d definitely go back.",David Lee,5,"Here is the poem and most popular dish, in two paragraphs as requested:","Scoma's by the bay,
Serving seafood fresh each day.
Lemon shrimp and mussels with wine,  
Crab and clams so divine!
Birthday cake here is a delight, 
With a view to make your heart take flight.

mussels"
Thanh Long,Thanh Long Restaurant,"4101 Judah St, San Francisco, CA 94122, USA",3.0,"restaurant, food, point_of_interest, establishment",BB1,http://www.thanhlongsf.com/,(415) 665-1146,4.5,1490,"Monday: Closed, Tuesday: Closed, Wednesday: 4:30â€‰â€“â€‰8:00â€¯PM, Thursday: 4:30â€‰â€“â€‰8:00â€¯PM, Friday: 4:30â€‰â€“â€‰8:30â€¯PM, Saturday: 4:30â€‰â€“â€‰9:00â€¯PM, Sunday: 4:30â€‰â€“â€‰8:00â€¯PM",sfthanhlong@gmail.com,,,Tock,"Really great crab! Right when you walk in, youâ€™re punched in the face with an incredibly fragrant garlic aroma. Sides and apps were great, but the star of the show was this incredible dungeoness crab. Wow. Garlicky, peppery, buttery, and just hot enough to have to take care (at the beginning). A true feast for the senses. Smell, texture, sight, taste - everything is activated simultaneously when this dish arrives. Not much else to report. Just a simple, excellent crab dish and worth repeating as often as possible.",Michael Demetriou,5,Here is the poem referencing the restaurant name and highlights from the reviews:,"Garlic aroma punching your face
Buttery, peppery dungeon crab race
Shrimp toast and beef to devour
Passion tea to wash it all down
Thanh Long will spice up your town

dungeoness crab"
Tommy's Joynt,Tommy's Joynt,"1101 Geary Blvd, San Francisco, CA 94109, USA",1.0,"restaurant, bar, food, point_of_interest, establishment",BB3,https://tommysjoynt.com/,(415) 949-0399,4.4,3950,"Monday: 12:00â€‰â€“â€‰8:00â€¯PM, Tuesday: 12:00â€‰â€“â€‰8:00â€¯PM, Wednesday: 12:00â€‰â€“â€‰8:00â€¯PM, Thursday: 12:00â€¯PMâ€‰â€“â€‰12:00â€¯AM, Friday: 12:00â€¯PMâ€‰â€“â€‰12:00â€¯AM, Saturday: 1:00â€¯PMâ€‰â€“â€‰12:00â€¯AM, Sunday: 12:00â€‰â€“â€‰8:00â€¯PM",Turkey@Tommysjoynt.com,,,,"I wanted to try something new, I always past by this place, so I finally tried it. They have a serving counter where they make your plate in front of you. I enjoyed the turkey sloppy Joe; I felt like I was back at Grandma's house. The interior is hip, I liked the decor. People had there children eating there too, so it is family friendly. Try something new!",Morl Olivia Gentry,5,"Here is the poem referencing Tommy's Joynt and review highlights, followed by the most mentioned dish:","Ode to Tommy's Joynt
With counters piled high, plates made before your eyes
Grandma's sloppy Joe brings back memories of pies
The Reuben though, swimming in dressing, no zing to the kraut
Stale bread and cold meat brought disappointment, no doubt
This classic joint's decor delight, but the pastrami was not right

pastrami"
Tommy's Joynt,Tommy's Joynt,"1101 Geary Blvd, San Francisco, CA 94109, USA",1.0,"restaurant, bar, food, point_of_interest, establishment",BB3,https://tommysjoynt.com/,(415) 949-0399,4.4,3950,"Monday: 12:00â€‰â€“â€‰8:00â€¯PM, Tuesday: 12:00â€‰â€“â€‰8:00â€¯PM, Wednesday: 12:00â€‰â€“â€‰8:00â€¯PM, Thursday: 12:00â€¯PMâ€‰â€“â€‰12:00â€¯AM, Friday: 12:00â€¯PMâ€‰â€“â€‰12:00â€¯AM, Saturday: 1:00â€¯PMâ€‰â€“â€‰12:00â€¯AM, Sunday: 12:00â€‰â€“â€‰8:00â€¯PM",info@tommysjoynt.com,,,,"I wanted to try something new, I always past by this place, so I finally tried it. They have a serving counter where they make your plate in front of you. I enjoyed the turkey sloppy Joe; I felt like I was back at Grandma's house. The interior is hip, I liked the decor. People had there children eating there too, so it is family friendly. Try something new!",Morl Olivia Gentry,5,"Here is the poem referencing Tommy's Joynt and review highlights, followed by the most mentioned dish:","Ode to Tommy's Joynt
With counters piled high, plates made before your eyes
Grandma's sloppy Joe brings back memories of pies
The Reuben though, swimming in dressing, no zing to the kraut
Stale bread and cold meat brought disappointment, no doubt
This classic joint's decor delight, but the pastrami was not right

pastrami"
Tommy's Joynt,Tommy's Joynt,"1101 Geary Blvd, San Francisco, CA 94109, USA",1.0,"restaurant, bar, food, point_of_interest, establishment",BB3,https://tommysjoynt.com/,(415) 949-0399,4.4,3950,"Monday: 12:00â€‰â€“â€‰8:00â€¯PM, Tuesday: 12:00â€‰â€“â€‰8:00â€¯PM, Wednesday: 12:00â€‰â€“â€‰8:00â€¯PM, Thursday: 12:00â€¯PMâ€‰â€“â€‰12:00â€¯AM, Friday: 12:00â€¯PMâ€‰â€“â€‰12:00â€¯AM, Saturday: 1:00â€¯PMâ€‰â€“â€‰12:00â€¯AM, Sunday: 12:00â€‰â€“â€‰8:00â€¯PM",Events@TommysJoynt.com,,,,"I wanted to try something new, I always past by this place, so I finally tried it. They have a serving counter where they make your plate in front of you. I enjoyed the turkey sloppy Joe; I felt like I was back at Grandma's house. The interior is hip, I liked the decor. People had there children eating there too, so it is family friendly. Try something new!",Morl Olivia Gentry,5,"Here is the poem referencing Tommy's Joynt and review highlights, followed by the most mentioned dish:","Ode to Tommy's Joynt
With counters piled high, plates made before your eyes
Grandma's sloppy Joe brings back memories of pies
The Reuben though, swimming in dressing, no zing to the kraut
Stale bread and cold meat brought disappointment, no doubt
This classic joint's decor delight, but the pastrami was not right

pastrami"
Tommy's Joynt,Tommy's Joynt,"1101 Geary Blvd, San Francisco, CA 94109, USA",1.0,"restaurant, bar, food, point_of_interest, establishment",BB3,https://tommysjoynt.com/,(415) 949-0399,4.4,3950,"Monday: 12:00â€‰â€“â€‰8:00â€¯PM, Tuesday: 12:00â€‰â€“â€‰8:00â€¯PM, Wednesday: 12:00â€‰â€“â€‰8:00â€¯PM, Thursday: 12:00â€¯PMâ€‰â€“â€‰12:00â€¯AM, Friday: 12:00â€¯PMâ€‰â€“â€‰12:00â€¯AM, Saturday: 1:00â€¯PMâ€‰â€“â€‰12:00â€¯AM, Sunday: 12:00â€‰â€“â€‰8:00â€¯PM",turkey@TommysJoynt.com,,,,"I wanted to try something new, I always past by this place, so I finally tried it. They have a serving counter where they make your plate in front of you. I enjoyed the turkey sloppy Joe; I felt like I was back at Grandma's house. The interior is hip, I liked the decor. People had there children eating there too, so it is family friendly. Try something new!",Morl Olivia Gentry,5,"Here is the poem referencing Tommy's Joynt and review highlights, followed by the most mentioned dish:","Ode to Tommy's Joynt
With counters piled high, plates made before your eyes
Grandma's sloppy Joe brings back memories of pies
The Reuben though, swimming in dressing, no zing to the kraut
Stale bread and cold meat brought disappointment, no doubt
This classic joint's decor delight, but the pastrami was not right

pastrami"
Zuni Cafe,Zuni CafÃ©,"1658 Market St, San Francisco, CA 94102, USA",3.0,"cafe, bar, restaurant, food, point_of_interest, establishment",BB3,http://www.zunicafe.com/,(415) 552-2522,4.4,2341,"Monday: Closed, Tuesday: 5:00â€‰â€“â€‰9:30â€¯PM, Wednesday: 5:00â€‰â€“â€‰9:30â€¯PM, Thursday: 5:00â€‰â€“â€‰9:30â€¯PM, Friday: 11:00â€¯AMâ€‰â€“â€‰3:00â€¯PM, 5:00â€‰â€“â€‰9:30â€¯PM, Saturday: 11:00â€¯AMâ€‰â€“â€‰3:00â€¯PM, 5:00â€‰â€“â€‰9:30â€¯PM, Sunday: 11:00â€¯AMâ€‰â€“â€‰3:00â€¯PM, 5:00â€‰â€“â€‰9:30â€¯PM",,,,,"The location of Zuni within is an absolute gem, wedged on a shear corner lot on Market, the building has authentic bones that gives nearly a 360Â° perch on this spot in the city.

We ordered the fig popover, lamb chickpea soup of the day, and polenta, all fantastic with unique stand-alone flavor profiles. I loved the soup so much, I will probably go back to buy the cookbook. For a Sunday brunch, the place wasnâ€™t too busy, so the environment was very relaxed.

Lived in the city for five years and always seen the spot while passing through, but finally glad it took a friend visiting to discover this great spot.",Rachel,5,Here is the poem response:,"On Market Street in foggy town
Zuni Cafe of great renown
Historic bones and city views 
Fig popovers can't lose
Lamb soup that makes you grin
Stay awhile and settle in

Here is the most popular dish/drink:

fig popover"
